id,domain,status,purchase_price,renewal_price,attractiveness,demand,length,registrar,created_at,expires_at,status_verified_at
f9b85982-8140-4de2-91e3-39c77f1184ca,tennyson.wiki,available,2.98,43.98,medium,low,8,namecheap,,,18/09/2026 06:38
e93122e3-e0b9-4acd-a052-f1e7ea55687c,tottering.wiki,available,2.98,43.98,medium,low,9,namecheap,,,11/09/2026 18:14
3c7a58c2-b4ca-4ab5-a436-76ad2d18de69,tattletale.wiki,available,2.98,43.98,medium,low,10,namecheap,,,11/09/2026 10:28
a5ba497b-d6b3-499b-ae6c-eb31410e3882,countless.wiki,available,2.99,32.49,high,low,9,namesilo,,,24/09/2026 00:28
077b4f63-3415-4d8c-82ac-8885d4337861,piscatory.wiki,available,2.98,43.98,high,medium,9,namecheap,,,08/09/2026 19:59
1dc6339c-22c8-4f93-a4e8-fff183011256,glooming.wiki,available,2.98,43.98,medium,low,8,namecheap,,,20/08/2026 14:41
a77ac38a-8516-4e3e-ad17-4e15f867b6ec,fundamental.wiki,available,2.99,32.49,high,low,11,namesilo,,,28/09/2026 11:15
4dfb78d8-0548-427e-a9e8-a7928febe5f1,adverse.wiki,available,2.98,43.98,high,low,7,namecheap,,,
7c2299d6-7bdc-486b-bdd3-a8f29ac5db84,seemed.wiki,available,2.99,32.49,medium,low,6,namesilo,,,18/09/2026 01:00
458d3b44-93fe-43c1-88b9-e0890dd2c145,tellurian.wiki,available,2.98,43.98,medium,low,9,namecheap,,,11/09/2026 10:37
e02ea19b-7ca7-4827-ac91-0023563c6d24,birth.wiki,available,2.06,26.26,high,low,5,porkbun,,,29/09/2026 02:50
7e0f77a0-064f-4f0f-a72c-f68b10092943,untangled.wiki,available,2.98,43.98,medium,low,9,namecheap,,,12/09/2026 20:57
7d24408e-be85-464f-892d-d6bd2a734755,experiencing.wiki,available,25.2,25.2,high,low,12,cloudflare,,,28/09/2026 13:20
48183eb1-f7b9-4958-94a8-d15287464182,compulsive.wiki,available,2.98,43.98,high,low,10,namecheap,,,12/08/2026 19:40
7ed591fc-0ba6-4242-865f-0c6a73b0f728,mother.wiki,premium,116,116,high,low,6,namesilo,,,29/09/2026 19:00
ff8f071f-eb68-4d95-8675-edfaa7b1b3b4,interviews.wiki,resell,,,medium,low,10,,,,28/09/2026 09:06
16a63f9e-481a-47dc-bb37-e17880cf5532,arizonan.wiki,available,2.98,43.98,medium,low,8,namecheap,,,20/09/2026 06:05
f56fbb06-c62f-4e4d-a395-d54e996b2718,vegetables.wiki,available,2.99,32.49,high,low,10,namesilo,,,16/09/2026 12:36
75414151-3c56-4c50-ad1b-9eb147a58d84,intimidate.wiki,available,2,26.97,high,low,10,dynadot,,,29/09/2026 20:44
e41f539f-c24a-42a4-96c3-bbd5c2121ad6,alluvial.wiki,available,2.98,43.98,high,low,8,namecheap,,,
ee629ec0-ae45-4277-8f50-e5e43fc4041a,beach.wiki,resell,,,high,low,5,"Spaceship, Inc.",16/08/2026 00:01,16/08/2027 00:01,29/09/2026 01:36
2056208b-5210-4cb1-959c-9c25b6fbfa8a,actinia.wiki,available,2.99,32.49,medium,low,7,namesilo,,,17/09/2026 04:43
bb60057d-9bb5-4a92-a07c-8e6f3e26f3e2,lymphatic.wiki,available,2.98,43.98,high,low,9,namecheap,,,24/08/2026 12:33
3f39613b-670e-4fbb-bc5b-967c13710c37,seedless.wiki,available,2.98,43.98,high,low,8,namecheap,,,10/09/2026 01:45
343b3998-c659-4799-a0a8-84df20659b15,durer.wiki,available,2.99,32.49,high,low,5,namesilo,,,18/09/2026 03:18
e2ea017b-e460-4ff2-beb1-bc888e8265b6,prosy.wiki,available,2.98,43.98,medium,low,5,namecheap,,,08/09/2026 12:32
49ca8a78-56f9-4d35-9d92-8d5ab8de7fdb,barbecues.wiki,available,2.99,32.49,medium,low,9,namesilo,,,21/09/2026 08:34
1a434166-a470-4b5d-8373-6de2e2e5d35e,concisely.wiki,available,2.98,43.98,medium,low,9,namecheap,,,14/09/2026 08:10
ae298d26-499d-4292-b4a4-8ede7dde1cba,extravagant.wiki,available,1.75,26.08,high,low,11,spaceship,,,30/09/2026 03:34
4c904971-26b6-4bf2-a712-0654e22be776,aug.wiki,available,2.98,43.98,high,low,3,namecheap,,,07/08/2026 17:10
f0440d59-0f9d-480c-beb7-1d5a82894b3b,harmonise.wiki,available,2.99,32.49,high,low,9,namesilo,,,16/09/2026 22:55
da4dc122-1ba6-4cff-9905-a074b063dff5,antoninus.wiki,available,2.99,32.49,medium,low,9,namesilo,,,19/09/2026 15:34
794de1a0-6349-4582-a94d-304cfb0c6ce0,depicted.wiki,available,2.98,43.98,medium,low,8,namecheap,,,14/08/2026 02:12
8ad9e6fd-f573-49fe-83ea-2694bfac1a1b,scrub.wiki,available,2.99,32.49,high,low,5,namesilo,,,27/09/2026 18:50
49cfadab-d283-4a00-a4ce-64cabada3e0e,forthwith.wiki,available,2.98,43.98,medium,low,9,namecheap,,,10/09/2026 21:39
2800b128-3625-479a-818e-079d3a4aacfa,backed.wiki,available,2.98,43.98,high,low,6,namecheap,,,08/08/2026 05:33
0407ebf3-8694-465b-bf9c-7a8d77517f03,churchly.wiki,available,2.98,43.98,medium,low,8,namecheap,,,12/08/2026 07:48
a3e5ef99-dd36-4859-9be3-ad31adf850ae,investigators.wiki,available,2.98,43.98,medium,low,13,namecheap,,,29/09/2026 00:00
5e17adf4-ac6b-49eb-a681-deb8ed4620f8,unfunny.wiki,available,2.98,43.98,medium,low,7,namecheap,,,12/09/2026 11:05
2ddc8ae9-e0f3-455a-b057-f2ac76f15185,plaques.wiki,available,2.98,43.98,low,low,7,namecheap,,,20/09/2026 08:19
79314333-cb56-45c4-a678-5f2f41f0da5a,trying.wiki,available,2.98,43.98,high,low,6,namecheap,,,03/09/2026 15:44
c39eca6b-9eb4-4020-8c27-6c5e6fd4c75a,puppylike.wiki,available,2.98,43.98,high,medium,9,namecheap,,,09/09/2026 06:10
c399b6dc-7a3c-4fe9-93cc-e5b337219ffe,pellucid.wiki,available,2.98,43.98,high,low,8,namecheap,,,13/08/2026 09:44
8308fafa-358e-4ac8-b43d-5cdf4f0e1641,caustic.wiki,available,2.98,43.98,medium,low,7,namecheap,,,
d75cc825-d27f-4a9e-b7c5-cb0f9d03411d,angevine.wiki,available,2.99,32.49,medium,low,8,namesilo,,,19/09/2026 06:07
6e118f94-4422-4530-9141-789bbc0afa99,avaritia.wiki,available,2.99,32.49,medium,low,8,namesilo,,,21/09/2026 08:46
ba64476f-7007-430d-9216-7b3b6f9c9f5e,rejected.wiki,available,2.99,32.49,medium,low,8,namesilo,,,25/09/2026 11:50
fc78ac81-d359-4e69-a5cd-f154b141da3d,respected.wiki,available,2.99,32.49,high,low,9,namesilo,,,27/09/2026 12:38
435204a0-08e9-4a55-92af-8672d777db8a,soundproof.wiki,available,2.98,43.98,high,medium,10,namecheap,,,10/09/2026 14:44
4fab0bc8-dc87-4238-9dfa-e771a2ac5451,billie.wiki,available,2,26.97,medium,low,6,dynadot,,,28/09/2026 07:55
d78f93d7-812c-4c0f-8e21-f37fa2d94bc0,alqaeda.wiki,available,2.99,32.49,medium,low,8,namesilo,,,18/09/2026 00:59
70b0f715-53e9-48f4-99a1-fd17d4109cdf,initiated.wiki,available,2.99,32.49,medium,low,9,namesilo,,,29/09/2026 11:07
2d34fe51-a813-4eef-af07-406182f3eb45,dove.wiki,premium,576,576,high,low,4,namesilo,,,10/09/2026 17:16
9de70ed7-c9b9-4cf3-bed1-f9bb50950465,coronary.wiki,available,2.98,43.98,high,low,8,namecheap,,,13/08/2026 01:44
c1bc1d36-8c34-4d53-a7a3-c7b9a4b88f4c,difficulties.wiki,available,2.98,43.98,high,low,12,namecheap,,,17/09/2026 21:37
ce4ed577-9fe2-413a-8102-63193777e450,allgood.wiki,available,2.98,43.98,high,low,7,namecheap,,,18/09/2026 10:56
bb465249-0a98-4deb-badc-c8f4ae58089a,slavelike.wiki,available,2.98,43.98,medium,low,9,namecheap,,,10/09/2026 10:32
4adb29f1-2435-47a9-bba8-6460a3da64d0,thanked.wiki,available,1.75,26.08,medium,low,7,spaceship,,,29/09/2026 05:27
f3b4c452-4d78-4f9d-9c79-86530acc05fe,adduct.wiki,available,2.98,43.98,medium,low,6,namecheap,,,17/09/2026 07:09
c1833264-6d31-4b0d-96ea-dff91153524e,ehrlich.wiki,available,2.99,32.49,medium,low,7,namesilo,,,29/09/2026 00:46
c3c3587f-486f-4aa1-bea2-698a5fe566ee,abstention.wiki,available,2.98,43.98,medium,low,10,namecheap,,,16/09/2026 18:27
3b5a2849-8c1a-4bfb-8f8c-40eb62a20da8,length.wiki,available,2.98,43.98,high,low,6,namecheap,,,30/09/2026 02:48
2fe758b1-ddf8-4575-8f68-12456a3c6f8c,absolutely.wiki,available,2.99,32.49,high,low,10,namesilo,,,28/09/2026 11:36
01c273c6-0541-4867-96d7-43e476c2bdf5,quarters.wiki,available,25.2,25.2,high,low,8,cloudflare,,,30/09/2026 03:03
4c5c2b7b-9a7d-4e82-9d30-484c342aabc2,marguerite.wiki,available,2.99,32.49,high,low,10,namesilo,,,20/09/2026 04:58
cfb8b28a-70bd-42fd-8c8e-6ea24beeef30,auspices.wiki,available,2.99,32.49,high,low,8,namesilo,,,17/09/2026 12:16
04a4bca2-6ef0-44ea-b433-ca08d11c3250,montclair.wiki,available,1.75,26.08,medium,low,9,spaceship,,,29/09/2026 04:37
d87a8fad-dc88-4ce0-be03-b377a8d4126b,coyol.wiki,available,2.98,43.98,medium,low,5,namecheap,,,17/09/2026 03:38
cf4c167d-eb5c-485e-b2fb-a02d8783ca6a,chauncey.wiki,available,2.99,32.49,medium,low,8,namesilo,,,29/09/2026 15:30
a34a68b9-81f3-4b8f-bf53-9458e083b9ab,sibilant.wiki,available,2.98,43.98,medium,low,8,namecheap,,,12/08/2026 23:18
809aa543-7f7e-40f4-8700-745506189d6a,outlet.wiki,available,1.75,26.08,high,low,6,spaceship,,,29/09/2026 17:56
c8f0d501-1ec2-4e02-ad36-a537ff3b0c22,grinning.wiki,available,1.75,26.08,high,low,8,spaceship,,,27/09/2026 23:14
7f7cd9f8-5132-4dbc-816c-99786ffc6104,euphoric.wiki,available,2.98,43.98,high,low,8,namecheap,,,17/08/2026 14:22
21174940-9020-45b9-b5fe-2f92dc02aaca,referable.wiki,available,2.98,43.98,high,low,9,namecheap,,,07/08/2026 01:28
09a1a3ce-f4ac-45f9-8023-34159de46017,lingual.wiki,available,2.98,43.98,high,low,7,namecheap,,,23/08/2026 15:07
483cbc0c-1168-4f32-9283-2651c1df9649,depression.wiki,premium,130,130,medium,low,10,namecheap,,,25/09/2026 14:31
8f5cce0f-bd18-45c2-8c9f-6c484efad428,anonymity.wiki,available,2.98,43.98,high,low,9,namecheap,,,19/09/2026 11:38
01b41893-7611-4818-9690-436e230cff21,nadia.wiki,available,25.2,25.2,medium,low,5,cloudflare,,,28/09/2026 22:03
f7bf85e7-7171-42f8-a11e-d8658c92f8a7,almaata.wiki,available,2.99,32.49,medium,low,8,namesilo,,,18/09/2026 12:23
19164c26-353d-404f-a982-255fe9f95c47,nighted.wiki,available,2.98,43.98,low,low,7,namecheap,,,09/08/2026 14:33
deed1ab0-3216-4dc0-be4a-1548dd1a4a65,humiliation.wiki,available,2,26.97,medium,low,11,dynadot,,,28/09/2026 12:26
4427f526-079e-4be3-9d5b-2e9dcebd26be,rachel.wiki,available,2.99,65.99,high,low,6,name.com,,,25/09/2026 10:13
577f2e06-6af9-4f72-820d-925c2aece3d5,dependent.wiki,available,2.98,43.98,high,low,9,namecheap,,,14/08/2026 02:06
f3b9ed3e-ba3d-4581-8524-18d26651a58f,stimulate.wiki,available,2.99,32.49,high,low,9,namesilo,,,29/09/2026 02:44
ad955c0d-6995-47f0-bc41-f970086237ef,realized.wiki,available,2.99,32.49,high,low,8,namesilo,,,23/09/2026 17:28
ef029a79-f39c-49c5-883c-4e440f00510d,zeno.wiki,premium,,,high,low,4,,,,30/09/2026 03:11
3fb1c648-cea4-444a-af06-c2c6af316c29,rainproof.wiki,available,2.98,43.98,high,medium,9,namecheap,,,09/09/2026 09:47
34e74033-5c1a-431e-b4e5-85ea610fdda8,nervy.wiki,available,2.98,43.98,medium,low,5,namecheap,,,11/08/2026 02:28
2625ff29-801f-4131-a015-d0baf1f17ed1,hidebound.wiki,available,2.98,43.98,medium,low,9,namecheap,,,21/08/2026 08:11
f43d8303-4b0c-4787-b189-0076b6dfcb8a,purchasing.wiki,available,2.99,32.49,high,low,10,namesilo,,,24/09/2026 11:23
ae85bc7c-ccbc-427c-ae21-01a060edb94c,drinking.wiki,available,1.75,26.08,high,low,8,spaceship,,,29/09/2026 03:42
f6451675-bdb6-4d52-a266-1a383ceb21f1,anshar.wiki,available,2.99,32.49,medium,low,6,namesilo,,,19/09/2026 12:12
e14e09d6-beec-4e7b-a05e-3d4c3f690639,puzzlement.wiki,available,2.99,32.49,high,low,10,namesilo,,,21/09/2026 17:39
6c5e2988-a609-4bd1-892c-824bab0061e2,chloe.wiki,available,2.98,43.98,high,medium,5,namecheap,,,27/09/2026 07:17
9287d4ea-9967-465d-8c02-494f10274353,goony.wiki,available,2.99,32.49,medium,low,5,namesilo,,,23/09/2026 23:48
c9534da6-29bc-4ddd-909f-c90d9d0a7bce,crabby.wiki,available,2.98,43.98,medium,low,6,namecheap,,,08/08/2026 07:43
8db8937b-f011-432f-924d-5fefb07893d8,dorsum.wiki,available,2.98,43.98,high,low,6,namecheap,,,08/08/2026 05:12
8ccb1768-5388-4767-b7c0-e8daa348788e,furthest.wiki,available,2.99,32.49,medium,low,8,namesilo,,,24/09/2026 17:07
83b15fcb-7763-4cd3-b7a7-f31061e88a4e,livid.wiki,available,2.98,43.98,medium,low,5,namecheap,,,07/08/2026 02:24
206962c0-d295-4094-90f8-72fa110e3441,ayres.wiki,available,1.75,26.08,medium,low,5,spaceship,,,28/09/2026 12:24
8a510196-ea36-41e5-bff5-0d2a3db25197,parented.wiki,available,2.98,43.98,high,low,8,namecheap,,,08/09/2026 01:16
3d7e6998-0af0-4030-b8cf-e3032ecd785a,mining.wiki,premium,130,130,high,low,6,namecheap,,,
9c33e16e-1e2b-44e3-928c-5d769be1bf19,carried.wiki,available,2.99,32.49,medium,low,7,namesilo,,,25/09/2026 17:00
560841e9-5f0e-44a2-899b-9e4f41bcd226,fitful.wiki,available,2.98,43.98,medium,low,6,namecheap,,,18/08/2026 05:45
340209b7-dc35-4669-a68d-4475299cafc1,bitstock.wiki,available,2.98,43.98,medium,low,8,namecheap,,,23/09/2026 22:47
a9577966-102b-47fb-ac5c-314ba709bc80,understands.wiki,available,25.2,25.2,high,low,11,cloudflare,,,28/09/2026 00:05
c0a9c35d-f7b4-4a6d-8634-8e5ee6e2933f,overheard.wiki,available,2.99,32.49,medium,low,9,namesilo,,,29/09/2026 22:55
51dc41fb-250d-4fe1-91b0-b5f27aa5f93a,abettal.wiki,available,2.99,32.49,medium,low,7,namesilo,,,16/09/2026 15:18
6e4eb089-3556-4bfd-88c1-dc4468403f96,fraction.wiki,available,25.2,25.2,high,low,8,cloudflare,,,29/09/2026 07:00
bf8eb58b-9c4c-489c-8b26-70bbe42d5b5a,rarefied.wiki,available,2.98,43.98,medium,low,8,namecheap,,,17/08/2026 15:44
5b98be93-bd1f-48e0-a673-f68372da5ad1,borden.wiki,available,2.99,32.49,high,low,6,namesilo,,,28/09/2026 07:29
008e1ba2-9687-4866-a860-4d10ef7ffbfa,woodsy.wiki,available,2.98,43.98,high,low,6,namecheap,,,06/08/2026 13:04
dcdf11d5-cb1b-46ab-9343-f9a310961517,playback.wiki,available,25.2,25.2,high,low,8,cloudflare,,,29/09/2026 13:42
dddb060e-a988-4337-9d90-afa92177e18b,lacking.wiki,available,1.75,26.08,medium,low,7,spaceship,,,28/09/2026 10:18
8e7cf882-eee8-4acc-ae37-c30d9cdb8da3,storyboards.wiki,available,2.98,43.98,medium,low,11,namecheap,,,20/09/2026 14:39
89ef8737-97d7-4933-a818-b7dd918a984a,amish.wiki,available,2.99,32.49,high,low,5,namesilo,,,18/09/2026 21:52
645426d9-9de5-424d-a02e-6072e87373e5,thug.wiki,premium,53.92,53.92,high,low,4,namesilo,,,27/09/2026 08:15
48b9a7b0-dfe7-4987-95d5-31aa002d0f88,goodness.wiki,available,2.98,43.98,high,low,8,namecheap,,,28/09/2026 02:02
2e47fb60-f875-4773-8906-581d81d069ad,bothered.wiki,available,2.99,32.49,high,low,8,namesilo,,,23/09/2026 01:08
cf9c6c12-7a41-405d-8913-509c739f80a0,cling.wiki,available,2.99,32.49,high,low,5,namesilo,,,24/09/2026 15:42
7628d4ff-05dc-4cae-b384-dd73a365ceba,aves.wiki,premium,53.92,53.92,high,low,4,namesilo,,,21/09/2026 09:17
5e9a08cf-439f-4c9f-85c8-f3bcd5a0d357,decade.wiki,available,2.99,32.49,high,low,6,namesilo,,,21/09/2026 10:56
21d7908e-83e2-4a8c-bc2b-580c8fc6e223,underfoot.wiki,available,2.99,32.49,medium,low,9,namesilo,,,16/09/2026 09:56
c93afa65-2df7-4040-ac97-eb6f5250a123,torrid.wiki,available,2.98,43.98,high,low,6,namecheap,,,06/08/2026 16:35
66c2cb49-b6c9-472a-a95f-77959f4c2794,nebulizer.wiki,available,2.99,32.49,high,low,9,namesilo,,,21/09/2026 00:21
36d16616-f796-4da5-8cbb-dd3dc9e6cb06,impute.wiki,available,2.99,32.49,medium,low,6,namesilo,,,21/09/2026 02:18
ff4d1dec-0942-4fa0-8f57-20788bc1bf55,chavez.wiki,available,1.75,26.08,high,low,6,spaceship,,,28/09/2026 01:29
c231553e-de15-4a1a-ab5c-a5162cf1b2cb,brunette.wiki,available,2.98,43.98,high,low,8,namecheap,,,11/08/2026 06:56
4c191f59-4955-48eb-88cd-18ace8672546,racy.wiki,premium,32.5,65,medium,low,4,namecheap,,,18/08/2026 18:00
16a85d8a-abe9-47da-b525-69ce4ad1337e,tale.wiki,premium,53.92,53.92,high,low,4,namesilo,,,03/09/2026 13:20
00bb392e-3768-4ce0-abe0-20616c046916,produce.wiki,available,2.99,32.49,high,low,7,namesilo,,,29/09/2026 20:43
73345a9d-6774-444f-a150-32aa414b03f3,bikers.wiki,premium,53.92,53.92,high,low,6,namesilo,,,23/09/2026 15:36
dae35dd8-b430-44e7-81a2-836440391b4d,improperly.wiki,available,2.98,43.98,medium,low,10,namecheap,,,15/09/2026 04:32
02df4e7e-d06f-4377-9381-c4b37b52c395,yen.wiki,premium,130,130,high,low,3,namecheap,,,29/09/2026 07:09
6cb8865b-83dd-4148-8aed-53d90354fc2e,paraplegic.wiki,available,2.98,43.98,medium,low,10,namecheap,,,08/09/2026 01:10
d9dbaf07-0557-4a0e-996b-504dc355fd7d,panicky.wiki,available,2.98,43.98,medium,low,7,namecheap,,,05/09/2026 00:54
3ed69809-bd5a-4110-a9b0-a388fcaabc3c,arafat.wiki,available,2.99,32.49,medium,low,6,namesilo,,,19/09/2026 23:42
65b49904-8c2a-42ef-bc4b-7f39a321a0f8,leak.wiki,premium,832,832,high,low,4,namesilo,,,30/09/2026 02:34
c439581f-beb0-4338-b077-6205b52baef6,chivalrous.wiki,available,2.98,43.98,high,low,10,namecheap,,,12/08/2026 06:14
fdb8906e-fca0-4ba3-9f8d-f3c6466e8920,burnt.wiki,available,2.99,32.49,high,low,5,namesilo,,,23/09/2026 11:41
d3541987-71cb-4fcc-a9ca-5d3768d66cf1,desk.wiki,available,2.99,,high,low,4,name.com,,,
4dcb01e3-0a53-48ca-ac3f-b054c077dc04,burlesque.wiki,available,2.98,43.98,high,low,9,namecheap,,,11/08/2026 10:40
3367945d-85f8-45b1-9126-accb8a28bd3d,humor.wiki,premium,116,116,high,low,5,namesilo,,,24/09/2026 06:28
3b195bbf-79e3-4c2c-a7f5-ad4cf84f82bc,acarid.wiki,available,2.98,43.98,medium,low,6,namecheap,,,16/09/2026 21:26
90efae7f-2c57-4b90-89d4-0a64304e1716,cannily.wiki,available,2.98,43.98,medium,low,7,namecheap,,,14/09/2026 05:10
49645d92-779b-4f5f-8da1-abd2fe0976b7,sts.wiki,resell,,,high,low,3,,,,28/09/2026 11:46
c6185653-59a1-4098-b8f3-4f7b47ec17c0,prox.wiki,premium,53.92,53.92,medium,low,4,namesilo,,,09/09/2026 04:42
e1e573eb-ce44-493f-9902-936703ba74b2,archil.wiki,available,2.99,32.49,medium,low,6,namesilo,,,20/09/2026 02:06
b71c3800-8de9-44dc-94b8-21d40e92674a,baize.wiki,available,2.98,43.98,medium,low,5,namecheap,,,21/09/2026 19:59
2bbda661-976e-4849-831e-403e64c6ec4f,affection.wiki,available,2.98,43.98,high,low,9,namecheap,,,17/09/2026 14:16
fca59ec5-ca1e-4b19-9a20-4a9806979f14,thwart.wiki,available,2.98,43.98,high,low,6,namecheap,,,09/09/2026 08:15
8359da39-2322-4e64-b2dc-b4cc1bd0773e,tuesdays.wiki,available,2.99,,high,low,8,name.com,,,
9945e4a8-2dd3-44af-94f1-31bf52f97af5,lubbock.wiki,available,1.75,26.08,medium,low,7,spaceship,,,28/09/2026 10:18
f95a960d-8153-490c-98c1-7cb44faaa240,snobbish.wiki,available,2.98,43.98,medium,low,8,namecheap,,,12/08/2026 11:21
8697f26e-64a6-4ca5-b7d2-b18b355f4da5,returnable.wiki,available,2.98,43.98,high,low,10,namecheap,,,09/09/2026 15:55
a1017f9d-e174-4d28-96df-f4008c98b049,backs.wiki,available,2.99,32.49,medium,low,5,namesilo,,,18/09/2026 06:41
b88fd5db-ff79-4082-ac40-563f355e2a65,tauten.wiki,available,2.98,43.98,medium,low,6,namecheap,,,18/08/2026 05:16
e147da63-1c8d-48b3-baf9-665f69fee938,smitten.wiki,available,2.98,43.98,high,low,7,namecheap,,,16/08/2026 21:16
b5faa83f-70c4-4d03-929c-9687686a0334,proclaimed.wiki,available,2.98,43.98,high,low,10,namecheap,,,22/09/2026 05:13
c2de1d0a-7a67-4183-8e56-1c5ab0e8299d,southbound.wiki,available,2.98,43.98,high,medium,10,namecheap,,,10/09/2026 14:47
b800b8bf-678a-4281-93e5-ec86df94c1bb,gyral.wiki,available,2.98,43.98,medium,low,5,namecheap,,,20/08/2026 21:19
4e7aaa7d-a5ba-459c-b2a3-9318044d13db,suppertime.wiki,available,2.99,32.49,high,low,10,namesilo,,,24/09/2026 22:23
2e822c99-144a-4470-8b8c-186c4b4ccede,weighed.wiki,available,2.99,32.49,medium,low,7,namesilo,,,28/09/2026 12:31
53dddc36-3703-498e-84ad-8d81695bbaf6,sporty.wiki,available,2.98,43.98,high,low,6,namecheap,,,10/09/2026 16:35
c7600eb0-fe2b-4981-bb73-f0a1799844f0,matutinal.wiki,available,2.98,43.98,medium,low,9,namecheap,,,24/08/2026 17:33
8daa983b-3c65-43d2-9a19-21b8238fdc33,successive.wiki,available,2.98,43.98,high,low,10,namecheap,,,10/09/2026 04:29
eb351283-4c0e-4f2f-82f1-eca74b495ae0,compliments.wiki,available,2.99,32.49,high,low,11,namesilo,,,29/09/2026 17:00
338cbdc0-ecc1-414c-9052-6b138e8db159,presumable.wiki,available,2.98,43.98,high,medium,10,namecheap,,,09/09/2026 01:45
10d4c78d-e8a6-4fed-86e8-c2fe87c30ac2,mlb.wiki,premium,832,832,high,medium,3,namesilo,,,29/09/2026 09:28
9bc92b9c-3667-4e89-978d-f53500af394f,ideally.wiki,available,2,26.97,high,low,7,dynadot,,,28/09/2026 15:16
f069fb1a-8075-45ca-9d54-481aeb1c60b9,aconcagua.wiki,available,2.99,32.49,medium,low,9,namesilo,,,17/09/2026 02:04
f20e57db-67e9-46e2-8a7b-e44fcdba278a,graceless.wiki,available,2.98,43.98,medium,low,9,namecheap,,,18/08/2026 20:43
00a33a2c-81f9-41a4-9e19-9377cefd965e,spices.wiki,available,2.99,32.49,medium,low,6,namesilo,,,28/09/2026 23:41
63b4350c-34c4-48ad-a957-4bffcbcff35c,retractile.wiki,available,2.98,43.98,medium,low,10,namecheap,,,09/09/2026 15:42
248fbf9c-41b9-4fac-a3cd-d9f221aba167,rhythmic.wiki,available,25.2,25.2,high,low,8,cloudflare,,,27/09/2026 14:50
2ad8bb66-3e70-442e-b429-28d41b1b1945,obtrusive.wiki,available,2.98,43.98,medium,low,9,namecheap,,,04/09/2026 00:07
7b7334e6-f97e-49f4-880b-3e73d4cd2502,chevalier.wiki,available,2.98,43.98,high,low,9,namecheap,,,11/08/2026 22:49
ed5cda26-1d1f-4401-a135-27a85ccba00b,tossing.wiki,available,2.98,43.98,high,low,7,namecheap,,,30/09/2026 03:58
894a59dc-5c74-4ef6-b158-28b7f0a49e2b,rye.wiki,premium,103.7,103.7,medium,low,3,spaceship,,,28/09/2026 15:17
85a910e5-b4f2-4ffc-b76f-c7a1041cd523,rom.wiki,premium,103.7,103.7,high,low,3,spaceship,,,28/09/2026 19:13
6e6357ff-f1ef-41ef-b6b9-d73e488892ca,assiduous.wiki,available,2.98,43.98,medium,low,9,namecheap,,,07/08/2026 06:09
9793d9c3-1eb7-48fe-a02d-707e38d8639f,kassel.wiki,available,2.99,32.49,high,low,6,namesilo,,,29/09/2026 22:13
38d97f5e-ebd3-4333-9acc-3834788dbe1c,babies.wiki,resell,,,high,low,6,Dynadot Inc,19/03/2022 03:29,19/03/2027 03:29,26/09/2026 04:11
60e3ea72-9aca-4291-b366-277aa423542b,isaacs.wiki,available,2.98,43.98,high,low,6,namecheap,,,29/09/2026 10:02
c252bddf-5450-4976-a97a-30150047a810,rattling.wiki,available,2.98,43.98,high,low,8,namecheap,,,11/08/2026 04:30
67af0ace-328c-4a24-a2f1-45546289cbff,booklist.wiki,available,2.99,32.49,high,low,8,namesilo,,,
2b1b879b-fb28-4de7-a3c2-06adeb27f2fe,cdu.wiki,premium,103.7,103.7,high,low,3,spaceship,,,29/09/2026 03:11
8a3deb27-c21c-48c4-9ac4-3dc5002c6f67,parts.wiki,premium,116,116,high,low,5,namesilo,,,25/09/2026 09:47
a4b99183-f3b3-4009-96db-fee17cb856a2,alcohols.wiki,available,2.98,43.98,medium,low,8,namecheap,,,20/09/2026 18:31
a7adeea8-cb8b-4651-b5da-44ffdc111d61,anthriscus.wiki,available,2.99,32.49,medium,low,10,namesilo,,,19/09/2026 13:53
9477005b-5e6b-4e1b-b3dc-7fc871883fd7,hee.wiki,premium,130,130,high,low,3,namecheap,,,29/09/2026 21:26
0f42cd66-a819-4c8a-9506-be6e124114e5,deserving.wiki,available,2.98,43.98,high,low,9,namecheap,,,14/08/2026 03:29
6b1e13d6-24d1-4fce-b5b0-2a242769f3c8,petals.wiki,premium,,,medium,low,6,,,,29/09/2026 17:41
69ff18c0-8116-4c31-a3b4-419d269612b0,alone.wiki,available,2.99,32.49,high,low,5,namesilo,,,22/09/2026 01:57
0fa507bf-d7c7-4b8a-ad1e-d7425a043e58,informers.wiki,available,2.99,32.49,medium,low,9,namesilo,,,21/09/2026 09:19
a2d8f4ad-1b5f-4895-a698-6928e976eecb,rejecting.wiki,available,1.75,26.08,low,low,9,spaceship,,,30/09/2026 00:04
032e02be-09cf-44ec-84b7-e93a8093f18e,basso.wiki,available,2.99,32.49,medium,low,5,namesilo,,,22/09/2026 11:59
aa45e6bd-3fff-49b4-9161-5181edae40c1,camp.wiki,premium,65,130,high,low,4,namecheap,,,11/08/2026 15:47
85053819-764d-45e6-82e9-6046dbdf9e68,ruins.wiki,available,25.2,25.2,low,low,5,cloudflare,,,28/09/2026 12:46
f89df841-93ad-4c23-82c5-d5e0ad30b8a3,erect.wiki,available,2.98,43.98,high,low,5,namecheap,,,17/08/2026 12:04
3e3b1ee2-f923-4a34-966c-387a843ed770,perishable.wiki,available,2.98,43.98,high,low,10,namecheap,,,08/09/2026 17:18
1e230cfb-906f-4824-80f6-d9fcc5e81e5b,gangling.wiki,available,2.98,43.98,medium,low,8,namecheap,,,18/08/2026 20:08
07966d1c-23ab-4c0a-b26c-9858e37f8e24,like.wiki,premium,116,116,high,medium,4,namesilo,,,21/09/2026 23:58
d4468570-6c7b-4296-9bb5-c60ba9570846,inappropriate.wiki,available,2.99,32.49,medium,low,13,namesilo,,,27/09/2026 16:59
4bbcf8a7-2cf1-4d4a-9940-22b13796767e,herring.wiki,available,2.99,32.49,high,low,7,namesilo,,,30/09/2026 01:03
715bfaaf-d359-4b21-b5af-264194eb5e70,recipient.wiki,available,2.99,,high,low,9,name.com,,,
9c99552f-6793-44eb-acea-5678fee71171,spotless.wiki,available,2.98,43.98,high,low,8,namecheap,,,21/08/2026 20:48
3c173c20-f03e-47b4-86e0-df645e1b2dac,norman.wiki,available,2.98,43.98,high,low,6,namecheap,,,03/09/2026 21:18
289482eb-f863-45cd-8e44-a1c0407e1470,politically.wiki,available,2.99,32.49,medium,low,11,namesilo,,,28/09/2026 11:12
ab29b187-cc39-411e-8028-22347ee2bcaa,repeat.wiki,available,2.99,32.49,high,low,6,namesilo,,,24/09/2026 12:27
df726d9b-ed15-4059-8bbc-386bdbb34259,occupational.wiki,available,2.99,32.49,medium,low,12,namesilo,,,29/09/2026 03:01
b51131cb-6348-49e0-9a24-cb94a2093115,beaded.wiki,available,2.98,43.98,medium,low,6,namecheap,,,09/08/2026 03:18
23ea7db1-84ae-4d13-9c59-f776afe51bd1,batis.wiki,available,2.99,32.49,medium,low,5,namesilo,,,22/09/2026 14:03
f4a358d4-e47b-4fd5-bd9e-28a804312799,caesar.wiki,available,2.99,32.49,high,low,6,namesilo,,,27/09/2026 03:27
55f3be79-e0ac-45ca-97a4-3e5204e2c832,guile.wiki,available,2.98,43.98,medium,low,5,namecheap,,,13/08/2026 10:41
1028e2f9-e3c8-45e8-a0de-2d03973f08e7,band.wiki,premium,109.69,109.69,high,low,4,porkbun,,,29/09/2026 00:56
ce92cec9-70a3-4d36-a53b-48dbc78c5112,andira.wiki,available,2.99,32.49,medium,low,6,namesilo,,,19/09/2026 04:05
15acf149-2ee8-4848-80a9-3b9a116ee3bf,wagons.wiki,available,2.98,43.98,medium,low,6,namecheap,,,19/09/2026 20:22
b624aae8-7be3-4b7e-8644-098f9a38ca3e,eased.wiki,available,2.98,43.98,high,low,5,namecheap,,,
5d0efed9-6c65-475c-8206-ac9aa87d7365,parentally.wiki,available,2.98,43.98,medium,low,10,namecheap,,,15/09/2026 18:57
6f463abf-e0de-4af3-b00b-439ef05a8bd6,creatively.wiki,available,2.98,43.98,high,low,10,namecheap,,,28/09/2026 14:25
acc14b1b-6c07-4148-a1d4-d17f09477c64,pineapple.wiki,available,1.75,26.08,high,low,9,spaceship,,,28/09/2026 21:13
5eba938a-d5b4-43ce-8681-621efeaa98bd,gallstone.wiki,available,2.99,32.49,medium,low,9,namesilo,,,23/09/2026 15:46
194c9143-9cda-4158-9461-333d8a5517df,accordance.wiki,available,2.99,32.49,high,low,10,namesilo,,,16/09/2026 23:00
e1d62f4e-3da1-422e-9946-03e12006a2cc,primo.wiki,resell,,,high,low,5,"Spaceship, Inc.",26/05/2026 20:25,26/05/2027 20:25,26/09/2026 08:19
d3bd408c-d15c-4a9a-9bf8-984a4207e055,respecting.wiki,premium,65.99,,medium,low,10,name.com,,,
c44a58fe-3f34-4366-98fa-e7e0413781ba,bifurcate.wiki,available,2.98,43.98,high,low,9,namecheap,,,09/08/2026 20:08
4305cb86-18af-4098-867c-f9746a106bac,fired.wiki,available,2.98,43.98,medium,low,5,namecheap,,,24/09/2026 11:05
36ea13ba-c2c4-4f40-9034-f8176fa67f0d,resigned.wiki,available,1.75,26.08,low,low,8,spaceship,,,28/09/2026 17:54
6af07ac3-20dd-4fde-940b-8ce70f49731d,panoptical.wiki,available,2.98,43.98,medium,low,10,namecheap,,,05/09/2026 01:03
2a85c3b5-b3b5-4027-aca4-cf2c20ac8767,willingness.wiki,available,2.99,,high,low,11,name.com,,,
cdea9da1-9762-4046-a622-6c502464e1a4,balusters.wiki,available,2.99,32.49,high,low,9,namesilo,,,22/09/2026 00:30
a352f3d7-6808-42fa-b7a0-40f517fd5d5b,feeler.wiki,available,2.99,32.49,high,low,6,namesilo,,,22/09/2026 04:48
87bf1102-fb11-4c1c-9946-a45b4579a7fb,melt.wiki,premium,65,65,high,low,4,namecheap,,,25/09/2026 19:16
37c38657-59c7-46dc-a042-4fb2f564ada3,cetaceous.wiki,available,2.98,43.98,medium,low,9,namecheap,,,12/08/2026 01:04
a3542264-c70c-40df-8619-5f8a22779d4e,canonized.wiki,available,2.98,43.98,medium,low,9,namecheap,,,11/08/2026 17:25
bef796e6-72f2-43d6-b2b7-39e68189a91c,raisable.wiki,available,2.98,43.98,high,medium,8,namecheap,,,09/09/2026 09:51
d144aef9-3bbd-4c32-8a1f-a7dc6a435038,palace.wiki,available,1.75,26.08,high,low,6,spaceship,,,29/09/2026 07:39
f226c936-a9c7-4260-8b30-bc8cb9f86395,fruitless.wiki,available,2.98,43.98,medium,low,9,namecheap,,,10/08/2026 19:39
e5c2e8e8-b4cb-4122-9930-1437e4153294,aurous.wiki,available,2.98,43.98,medium,low,6,namecheap,,,07/08/2026 17:31
884f5a5f-f77d-4b0c-afee-6e3635040ee1,leeward.wiki,available,2.98,43.98,medium,low,7,namecheap,,,22/08/2026 22:34
dd4f2909-7b9a-475c-a387-32718257a216,sargent.wiki,available,2.99,32.49,high,low,7,namesilo,,,27/09/2026 04:36
246b913f-501b-4da4-8898-0b62553f6cba,shareholders.wiki,available,2.99,32.49,medium,low,12,namesilo,,,17/09/2026 15:53
3e9d4920-08a4-4490-8740-e0f94327e55c,baptistry.wiki,available,2.99,32.49,medium,low,9,namesilo,,,22/09/2026 03:28
aa121c83-7eac-4b94-979d-566e7f60b9c7,obsession.wiki,available,2.98,43.98,high,low,9,namecheap,,,28/09/2026 02:30
f6bd432a-d496-4441-aa47-6d171f64d5ce,promoting.wiki,available,2,26.97,medium,low,9,dynadot,,,29/09/2026 10:15
98fe9d39-dfcb-41c6-888b-a15bf0648f02,stayed.wiki,available,2.99,32.49,medium,low,6,namesilo,,,27/09/2026 02:56
3d8e6e02-2448-49aa-8865-324894be14c2,theist.wiki,available,2.98,43.98,medium,low,6,namecheap,,,11/09/2026 12:37
39cc6e4e-8ee7-4539-8212-5e7c0db8906f,lxii.wiki,premium,53.92,53.92,medium,low,4,namesilo,,,
9c78063a-b5d4-4873-bf77-012c304baf03,rouged.wiki,available,2.98,43.98,high,medium,6,namecheap,,,09/09/2026 18:49
0f82f449-f125-4156-a3e7-94e3b174dcd1,yourselves.wiki,available,2.99,,medium,low,10,name.com,,,
ddc8ee84-fcb0-4940-8a07-656201d5da92,anabolic.wiki,available,,,high,low,8,,,,
21417e37-628e-4e70-90ff-dd742f29003a,assignable.wiki,available,2.98,43.98,medium,low,10,namecheap,,,07/08/2026 06:19
11d51a15-df9a-4d69-b465-f49a10588d6e,purifying.wiki,available,2.98,43.98,high,medium,9,namecheap,,,09/09/2026 06:18
72c1acb2-f5c9-4b32-8091-2302b1e0b253,jalisco.wiki,available,2.99,32.49,high,low,7,namesilo,,,29/09/2026 15:31
b640e731-1330-43d3-b480-fed4b084ab35,gunrunner.wiki,available,2.99,32.49,medium,low,9,namesilo,,,20/09/2026 07:45
b9726c39-5aa1-4dab-8be4-c7ec883e848d,estimating.wiki,available,2.99,32.49,medium,low,10,namesilo,,,
98f356c6-3c19-467c-b580-de1503a38919,freaks.wiki,available,2.99,32.49,low,low,6,namesilo,,,30/09/2026 00:34
9f32aa1c-5105-4136-b29e-9d347c5a8884,boozy.wiki,available,2.98,43.98,low,low,5,namecheap,,,09/08/2026 19:00
5a939bf5-c31f-4d04-b635-db2d64edcf0d,naples.wiki,premium,116,116,medium,low,6,namesilo,,,29/09/2026 07:39
19fe078e-784c-4204-800e-8ec3ef589d7f,ahorse.wiki,available,2.98,43.98,medium,low,6,namecheap,,,
1628393e-5288-4f8b-90c9-9f4a438e2ce7,yarn.wiki,available,1.75,26.08,high,low,4,spaceship,,,29/09/2026 07:56
c246d899-e0bc-42db-bb2a-a90c33607500,returning.wiki,available,25.2,25.2,high,low,9,cloudflare,,,27/09/2026 13:35
74926b68-64fa-447f-8cf1-d52d80cdffea,radial.wiki,available,2.98,43.98,high,low,6,namecheap,,,09/09/2026 09:30
3ce31131-dc17-4963-b95c-2dba71ed7d44,congenital.wiki,available,2.98,43.98,high,low,10,namecheap,,,12/08/2026 21:40
4538ff4f-d098-4fca-b651-f72bc311b59f,degage.wiki,available,2.98,43.98,medium,low,6,namecheap,,,13/08/2026 23:57
0b38d5e5-b4b0-48bd-8a43-4cd1fa916faa,bijou.wiki,available,2.99,32.49,high,low,5,namesilo,,,23/09/2026 15:32
a66630c3-e8f7-49e2-9b4b-e436ee22b7fe,arctic.wiki,premium,65,130,high,low,6,namecheap,,,06/08/2026 16:07
4e3f2904-c56e-4922-8075-8a9c30f7d52b,underwear.wiki,available,2.99,,high,low,9,name.com,,,
3946e935-9c0e-42d9-81ac-6ced38195fa6,aroused.wiki,available,2.98,43.98,high,low,7,namecheap,,,
ab135a4f-d8b2-495e-9a87-ccf80b4d6983,partitioning.wiki,available,2.99,32.49,high,low,12,namesilo,,,29/09/2026 09:00
8cc6020d-b83f-431d-8cd2-2cc717e8c205,fabled.wiki,available,2.98,43.98,high,low,6,namecheap,,,17/08/2026 20:12
551eec84-3773-4a37-a5a9-e1e0bd3cd043,anorak.wiki,available,2.99,32.49,high,low,6,namesilo,,,19/09/2026 11:41
8fd5ce78-f7cb-4138-a45c-97117e15b47a,herculean.wiki,available,2.98,43.98,high,low,9,namecheap,,,21/08/2026 07:06
54b27727-fe26-4e47-b6b7-a272bd9d8d8e,mostly.wiki,available,1.75,26.08,high,low,6,spaceship,,,28/09/2026 13:39
a4335f45-deb5-4bc1-8a6d-441f9179290b,hinterland.wiki,available,2.99,32.49,high,low,10,namesilo,,,21/09/2026 14:33
34937e4c-3cef-4b7b-9130-1128c7aac101,instruments.wiki,available,1.75,26.08,high,low,11,spaceship,,,28/09/2026 04:58
5f7fdd30-4b7f-4312-b53c-4a90fae1aca4,stomachic.wiki,available,2.98,43.98,medium,low,9,namecheap,,,18/08/2026 20:37
d31144a8-c01f-4ea4-b084-ccfba022a03b,pronounce.wiki,available,2.99,,high,low,9,name.com,,,
2acd1db5-b621-4780-8e77-49f7fc4fa52f,hospitably.wiki,available,2.98,43.98,medium,low,10,namecheap,,,15/09/2026 01:10
d07ad678-3d96-43d9-8626-d54a4720054e,jar.wiki,premium,116,116,high,low,3,namesilo,,,30/09/2026 00:42
ac786c6e-42dc-46ce-9bbb-736dbc622fa5,projector.wiki,available,25.2,25.2,high,low,9,cloudflare,,,29/09/2026 20:04
3b8149a8-b434-4063-81f9-cd780ed30167,postwar.wiki,available,2.98,43.98,medium,low,7,namecheap,,,09/09/2026 00:42
e5f1190d-615f-4aaa-863e-1b44e4dac5c3,unordered.wiki,available,2.98,43.98,medium,low,9,namecheap,,,12/09/2026 16:18
ff71c5fc-d298-4dfe-b7c9-012cf8b6a9d6,acidic.wiki,available,2.98,43.98,high,low,6,namecheap,,,
1e618dd7-0c8d-44cb-b324-b964afd60d55,labor.wiki,premium,258.95,258.95,high,low,5,spaceship,,,28/09/2026 07:28
0d437296-3dd4-4c9b-a479-b3772b9ab9b0,prakritic.wiki,available,2.98,43.98,high,medium,9,namecheap,,,09/09/2026 01:03
88a82986-9090-4984-ad52-15ee6f506237,puppet.wiki,available,1.75,26.08,high,low,6,spaceship,,,28/09/2026 02:20
9272c891-78fa-4cc3-8e4e-503923a937ac,attraction.wiki,available,25.2,25.2,high,low,10,cloudflare,,,28/09/2026 23:11
b1784340-366e-4305-a97d-0da848adfd37,picket.wiki,available,2.98,43.98,high,low,6,namecheap,,,04/09/2026 23:25
df33eb56-4ba0-465e-baf7-d1aa3ffa1f51,diamonds.wiki,premium,302.5,302.5,high,low,8,namesilo,,,
63528450-fdea-4209-bc65-0f1500da2194,latvian.wiki,available,2.98,43.98,high,low,7,namecheap,,,22/08/2026 20:47
05549e94-2d25-4d28-a492-b0546155f900,asafoetida.wiki,available,2.99,32.49,medium,low,10,namesilo,,,20/09/2026 12:43
69424630-8997-4b86-9e73-a50fda8904ef,accepts.wiki,available,2.99,32.49,medium,low,7,namesilo,,,29/09/2026 11:07
f4dde835-98f3-4b7f-9654-2f159df5f028,steel.wiki,available,2.99,,high,low,5,name.com,,,
8c2ba4dd-a199-4ad7-9cb7-24b972181915,montagu.wiki,available,2.99,32.49,medium,low,7,namesilo,,,20/09/2026 13:56
902f5551-4d9f-4233-b63b-d65746b04c97,club.wiki,premium,832,832,high,medium,4,namesilo,,,29/09/2026 00:44
36292466-9002-4b30-9a5e-f8dbb70c8024,andes.wiki,available,2.99,32.49,high,low,5,namesilo,,,19/09/2026 04:04
018ac6e3-c69b-46ed-91d6-7c618de34c2c,blear.wiki,available,2.98,43.98,medium,low,5,namecheap,,,10/08/2026 14:01
add22008-80a3-411d-8af1-5671bf9f48b1,proportions.wiki,available,2.99,32.49,high,low,11,namesilo,,,17/09/2026 11:38
17066214-62e4-4556-bb6a-63508f2e31a3,bridget.wiki,available,25.2,25.2,high,low,7,cloudflare,,,29/09/2026 04:09
77f9b4c0-b807-413f-87c5-8abe91e35875,photic.wiki,available,2.98,43.98,high,low,6,namecheap,,,08/09/2026 19:17
b71d2f99-d652-4c7c-a40f-f8db61f3e2b1,seri.wiki,premium,,,high,low,4,,,,30/09/2026 04:00
844e7fa4-049a-4342-a8d7-7264aa8d0fb4,eerie.wiki,available,2.98,43.98,high,low,5,namecheap,,,15/08/2026 12:43
bd993d6b-352b-499a-9f52-3fb87e7afbf6,condense.wiki,available,2.99,32.49,high,low,8,namesilo,,,
5f076673-0f0a-4b1d-86b5-7a22f5fa5aa8,sunk.wiki,premium,53.92,53.92,medium,low,4,namesilo,,,11/09/2026 01:50
8920d0f4-5ce1-4f12-93b9-5375dcc0e3ae,emir.wiki,available,2.98,43.98,high,low,4,namecheap,,,18/09/2026 17:55
61852019-6534-4ab6-bee2-314ebda1812a,lifts.wiki,available,1.75,26.08,medium,low,5,spaceship,,,29/09/2026 05:05
67e943ba-bfc4-4905-932a-098ce0ab5d97,shoddy.wiki,available,2.98,43.98,medium,low,6,namecheap,,,12/08/2026 03:27
5ff5c345-4bc5-4838-b8d4-bb4980c0379b,macleod.wiki,available,25.2,25.2,high,low,7,cloudflare,,,28/09/2026 02:12
5fa9f789-efd9-4a30-8f9c-a83e44cadea6,climbable.wiki,available,2.98,43.98,medium,low,9,namecheap,,,07/08/2026 00:10
11bf1e46-b76d-4982-8754-6aa4b4dc8e33,countess.wiki,available,2.99,32.49,medium,low,8,namesilo,,,28/09/2026 13:48
a50253b2-a523-4b15-b8d9-15a392481f02,sidelong.wiki,available,2.98,43.98,medium,low,8,namecheap,,,07/08/2026 03:26
6ab57f4d-1057-49eb-b36d-8548fb2b979e,endogenic.wiki,available,2.98,43.98,medium,low,9,namecheap,,,17/08/2026 01:13
e20bac16-d692-46f9-9922-15df7dbe2aac,endocrine.wiki,available,2.98,43.98,high,low,9,namecheap,,,17/08/2026 01:00
55d18abc-1d1e-480c-8440-ffd7360a92a5,biped.wiki,available,2.98,43.98,high,low,5,namecheap,,,10/08/2026 05:14
ed1b09df-e7ce-4e88-8673-0b35e23af094,anise.wiki,available,2.99,32.49,high,low,5,namesilo,,,19/09/2026 09:24
9b598705-19c9-477c-b02e-a77291419be0,balkans.wiki,available,2.99,32.49,medium,low,7,namesilo,,,21/09/2026 22:15
9a2749ad-657d-4760-bdba-e0437550319b,praiseful.wiki,available,2.98,43.98,medium,low,9,namecheap,,,22/08/2026 20:51
02f0ddd4-5f9f-4f4d-90b8-cc41be6a1ed8,whimsical.wiki,premium,53.92,53.92,high,low,9,namesilo,,,13/09/2026 11:24
297be3b4-45a6-4bcc-8b72-9b58ae0221fd,futures.wiki,resell,,,high,low,7,,,,29/09/2026 16:09
f331899e-1674-4d01-beae-45c61623b70b,panties.wiki,available,1.75,26.08,high,low,7,spaceship,,,29/09/2026 23:36
8c1b7b3d-bcb0-4035-b6e0-b764d811f82e,chanukah.wiki,available,2.99,32.49,high,low,8,namesilo,,,29/09/2026 08:10
3aed86ae-9b2c-40d3-b722-c4a974794e08,tornados.wiki,available,2.99,32.49,medium,low,8,namesilo,,,16/09/2026 14:12
286b3b2a-f7c7-4103-8b4c-aef0ed3c4d3d,brimful.wiki,available,2.98,43.98,medium,low,7,namecheap,,,11/08/2026 04:08
48998a94-5da8-40eb-a131-63494805278b,companion.wiki,resell,,,high,low,9,"Spaceship, Inc.",23/07/2026 15:01,23/07/2027 15:01,26/09/2026 05:09
0c4b39f4-d1f1-4644-b688-4565855a391a,homoerotic.wiki,available,2.98,43.98,medium,low,10,namecheap,,,21/08/2026 12:51
538542e5-ffd6-4c8b-9f86-009329706258,administered.wiki,available,2.99,32.49,medium,low,12,namesilo,,,29/09/2026 16:19
f9832771-72ee-48fa-be89-80bc9f21ae28,mauldin.wiki,available,2.98,43.98,medium,low,7,namecheap,,,23/09/2026 16:01
ab1872f0-e0a0-44cc-8368-f42db2009417,queens.wiki,available,2.99,,high,low,6,name.com,,,
b3f80afd-defa-431b-8064-107036bbc806,shelby.wiki,available,2.98,43.98,high,low,6,namecheap,,,25/09/2026 15:30
e615b9c7-9b79-4001-b504-11d5763b9ded,manassas.wiki,available,1.75,26.08,medium,low,8,spaceship,,,29/09/2026 22:10
35d2e645-257e-4c20-b94c-98796a39bae4,hydropower.wiki,available,2.99,32.49,high,low,10,namesilo,,,29/09/2026 10:23
14c765a5-49da-4dcd-9d4a-9ace0a3c1210,instal.wiki,available,2.99,,high,low,6,name.com,,,
bb1e6487-e7d3-407c-a3a3-458c4f4ddba5,mocking.wiki,available,2.98,43.98,medium,low,7,namecheap,,,14/08/2026 02:52
f6cadcfb-6f01-419d-9c85-727ff581634f,copper.wiki,resell,,,high,low,6,"Spaceship, Inc.",15/07/2026 00:00,15/07/2027 00:00,26/09/2026 05:15
d4a22495-2235-4a0e-80ca-30f81faf733d,veggies.wiki,available,2.98,43.98,medium,low,7,namecheap,,,18/09/2026 15:41
b442717b-5427-4b5f-bf40-558135f63fcd,bats.wiki,premium,32.5,65,high,low,4,namecheap,,,06/08/2026 20:31
254d6bb1-df22-4ac2-9b18-e681612f9629,acarpelous.wiki,available,2.98,43.98,medium,low,10,namecheap,,,
91adbb72-72df-4327-93ee-5b44aad87e45,aurally.wiki,available,2.98,43.98,medium,low,7,namecheap,,,13/09/2026 22:46
b2646e05-d8d6-422c-a716-10d72c41541f,hatred.wiki,available,2,26.97,medium,low,6,dynadot,,,29/09/2026 22:18
89986ffd-c809-4f93-95c5-fee3f3d83953,etcetera.wiki,available,2.98,43.98,high,low,8,namecheap,,,13/09/2026 19:52
246d9efb-c29f-46c3-8054-d013430fe1bd,apathetic.wiki,available,2.98,43.98,medium,low,9,namecheap,,,05/08/2026 22:04
1e0301db-0b18-4110-ba96-462a80b77eb9,morale.wiki,available,2.98,43.98,high,low,6,namecheap,,,28/09/2026 19:07
66f3e93a-8ceb-4928-9400-2c9653c66c9f,barthelme.wiki,available,2.99,32.49,medium,low,9,namesilo,,,22/09/2026 09:06
032f9151-2c3c-4097-af39-1da566d32e3b,bomber.wiki,available,2,26.97,medium,low,6,dynadot,,,28/09/2026 09:10
d9a06bb3-ebeb-45f4-92f0-4b8862181921,crest.wiki,available,25.2,25.2,high,low,5,cloudflare,,,28/09/2026 18:32
b774d0d9-ba5c-47bb-91fd-251d019146ff,inman.wiki,available,2.99,32.49,medium,low,5,namesilo,,,29/09/2026 15:42
9bb069a2-1b3f-4d05-a840-8c3f5dd70a52,vernal.wiki,available,2.98,43.98,medium,low,6,namecheap,,,13/09/2026 04:19
c075ff5c-10c4-4993-9c3f-191c79739594,synchronal.wiki,available,2.98,43.98,medium,low,10,namecheap,,,11/09/2026 06:13
e34cc756-c706-4d7e-92b3-62dd8d244b5a,aiken.wiki,available,2.98,43.98,high,low,5,namecheap,,,17/09/2026 21:01
e7e24c55-85eb-4aa6-a703-1b4b034e96df,wolff.wiki,available,2.99,65.99,high,low,5,name.com,,,25/09/2026 23:22
e4de2c33-e062-4c35-9980-3bb401265aa7,utilised.wiki,available,2.98,43.98,medium,low,8,namecheap,,,13/09/2026 00:07
15ac7407-2b19-4c12-b48c-44d008e9e82d,rubidium.wiki,available,2.99,32.49,medium,low,8,namesilo,,,20/09/2026 22:58
a1d614e5-a662-4b96-a962-7c663a71d73d,nettlesome.wiki,available,2.98,43.98,medium,low,10,namecheap,,,
ca1738ba-82cb-4832-b05d-7f71d9180a7d,lens.wiki,resell,,,high,high,4,"Spaceship, Inc.",13/08/2026 00:02,13/08/2027 00:02,29/09/2026 12:27
eb363998-f875-4fe3-98ed-80da8c453c31,rnas.wiki,premium,51.95,51.95,low,low,4,spaceship,,,29/09/2026 05:15
88e011eb-d29d-47d4-bca5-ffc0902397a7,buy.wiki,premium,116,116,high,medium,3,namesilo,,,28/09/2026 15:25
027082a8-fbe8-4024-ba89-fa4adf4e6c43,sissified.wiki,available,2.98,43.98,medium,low,9,namecheap,,,12/08/2026 08:41
589a8788-b4c5-40fb-8305-7c254f48cb94,nuts.wiki,premium,53.92,53.92,high,low,4,namesilo,,,22/09/2026 08:20
002cc4c2-bcd9-45b0-8eaa-fc3477244990,foldable.wiki,available,2.98,43.98,high,low,8,namecheap,,,18/08/2026 10:06
e12849f2-b136-4b8b-9b70-ce60f54324cd,fresnel.wiki,available,2.99,32.49,high,low,7,namesilo,,,21/09/2026 04:00
de98f6d7-86d0-4427-8402-8ea8b71982cc,angioma.wiki,available,2.99,32.49,medium,low,7,namesilo,,,19/09/2026 06:14
6ca4b42d-8a0c-4c70-93f4-2530ca34c50a,yellowcake.wiki,available,2.99,,medium,low,11,name.com,,,
307773b4-ff2a-45af-839b-34e28658feea,ochre.wiki,available,2.98,43.98,high,low,5,namecheap,,,04/09/2026 00:33
5a71b0c2-4700-42bd-ac1d-1589b47bb840,androgyny.wiki,available,2.99,32.49,medium,low,9,namesilo,,,19/09/2026 04:54
61d69109-df4d-483e-871b-b18334f77ae1,carpet.wiki,available,2.99,32.49,high,low,6,namesilo,,,29/09/2026 07:31
872ed513-0be4-4d7a-a36f-9eb025fc3ea7,lepanto.wiki,available,2.99,32.49,medium,low,7,namesilo,,,22/09/2026 15:21
97856688-b06d-45f1-93a8-02d4cfa83beb,pyknic.wiki,available,2.98,43.98,medium,low,6,namecheap,,,17/08/2026 01:17
50716678-3065-48c0-8029-c7e69dddc93c,firewood.wiki,available,2.99,32.49,high,low,8,namesilo,,,30/09/2026 01:38
d8e91191-11ad-4892-b7bd-5b821d526701,absorbent.wiki,available,2.98,43.98,high,low,9,namecheap,,,
82cdc90f-89ea-46de-a26a-2f05382cee6c,centimeters.wiki,available,2.06,26.26,medium,low,11,porkbun,,,29/09/2026 17:55
3db4b58e-02c5-424c-93f7-f5bbe4007f31,tyrolean.wiki,available,2.98,43.98,medium,low,8,namecheap,,,11/09/2026 22:33
07c7ba75-9e94-4bee-be12-9b0cdb19e5a3,fears.wiki,available,2.99,32.49,medium,low,5,namesilo,,,27/09/2026 08:58
c47b42dd-fae5-4d93-9d8a-efaf8e2929f5,immovable.wiki,available,2.98,43.98,medium,low,9,namecheap,,,21/08/2026 21:17
ed52d4e8-0af0-42b2-9507-12420ba2a3a2,syncopated.wiki,available,2.98,43.98,medium,low,10,namecheap,,,11/09/2026 06:19
7b357dd8-47f7-4378-a012-d81591529549,exec.wiki,available,1.75,26.08,high,low,4,spaceship,,,29/09/2026 18:26
5a018b23-902e-4331-a7a2-cdacde07d0a4,whose.wiki,available,2.99,,high,low,5,name.com,,,
6afcec44-411e-4f24-afa7-43e760217944,owes.wiki,premium,51.95,51.95,high,low,4,spaceship,,,28/09/2026 05:04
bbb8f536-6c5f-43ad-b77e-4dfe4d5a41a5,unguarded.wiki,available,2.98,43.98,medium,low,9,namecheap,,,12/09/2026 11:39
ffb1d2f5-eb45-4553-998c-d7209c94cd4c,downing.wiki,available,2.99,32.49,medium,low,7,namesilo,,,19/09/2026 04:46
8b873d8e-84af-46cc-a87a-cb2dace15389,allsorts.wiki,available,2.98,43.98,low,low,9,namecheap,,,16/09/2026 05:53
a40e4814-4ece-42a6-b3e8-901044e3dd29,burnable.wiki,available,2.98,43.98,medium,low,8,namecheap,,,11/08/2026 10:44
e0088f1a-bf10-4455-aa7e-287b34b1065c,curative.wiki,available,2.98,43.98,high,low,8,namecheap,,,22/09/2026 02:19
48cba441-b321-4685-8abe-df86c3b4a332,lxvi.wiki,premium,53.92,53.92,medium,low,4,namesilo,,,
d9c7e69c-98b9-41d0-a73f-500da8f42892,emil.wiki,premium,53.92,53.92,high,low,4,namesilo,,,25/09/2026 15:33
ed8f884b-762b-4914-adbd-765b64d9ce6d,loftily.wiki,available,2.98,43.98,medium,low,7,namecheap,,,15/09/2026 12:38
c8636ec7-e1fa-4699-8371-acb0c1899c12,iberian.wiki,available,2.98,43.98,high,low,7,namecheap,,,21/08/2026 17:32
f56ba53d-120c-4b34-9515-e9588c465ff0,emboldened.wiki,available,2.98,43.98,high,low,10,namecheap,,,16/08/2026 10:22
75a4cdb1-a924-4625-bfb8-291d5f397cba,alewife.wiki,available,2.98,43.98,medium,low,7,namecheap,,,18/09/2026 05:44
47237ca5-f650-4b49-9aa8-0de5b1d0406b,armagnac.wiki,available,2.98,43.98,medium,low,8,namecheap,,,20/09/2026 06:29
55c29370-dcec-4a19-8684-b5369cfd5b3a,lucinda.wiki,available,2,26.97,high,low,7,dynadot,,,29/09/2026 15:29
a32d922f-815e-4b47-b424-96e08406e44e,harmonised.wiki,available,2.98,43.98,high,low,10,namecheap,,,12/08/2026 22:52
19b57d11-3f68-4ae8-8f6c-9d8892c821ad,glace.wiki,available,2.98,43.98,medium,low,5,namecheap,,,13/08/2026 09:46
b1079f0b-fc1e-4a6e-88d5-a8afddd776de,aplite.wiki,available,2.99,32.49,medium,low,6,namesilo,,,19/09/2026 17:42
8a2371d9-8ddc-4b77-a042-318f0613f407,natives.wiki,premium,53.92,53.92,medium,low,7,namesilo,,,18/09/2026 01:41
a856dd26-f4fd-4873-84b0-baa688eeb12c,arsenic.wiki,available,2.98,43.98,medium,low,7,namecheap,,,13/09/2026 21:07
52d78fd1-8642-4496-bea2-813d29118a73,bangs.wiki,available,2.98,43.98,medium,low,5,namecheap,,,16/09/2026 16:40
6be94cbf-f03a-49ed-88d5-0ea9364b01c4,loos.wiki,premium,53.92,53.92,medium,low,4,namesilo,,,17/09/2026 09:32
d2fbe003-ceef-4778-89fe-5714bfa21ebf,untracked.wiki,available,2.98,43.98,medium,low,9,namecheap,,,08/09/2026 10:31
68ec5f19-0bcb-4145-953e-d71a5d753821,fanta.wiki,available,2.99,,high,low,5,name.com,,,
4574a291-2e24-4bc8-aa36-98b635b1e866,astragal.wiki,available,2.98,43.98,medium,low,8,namecheap,,,19/09/2026 09:44
1db0f7b2-3d52-4670-9d5b-8a108bb34684,cuteness.wiki,available,2.99,32.49,high,low,8,namesilo,,,24/09/2026 20:43
c66750e7-74c3-4f0d-acb3-b50669b390b2,consulate.wiki,available,2.99,32.49,high,low,9,namesilo,,,24/09/2026 17:37
20fd65b1-41ab-4a39-b64d-c15e9196c729,learner.wiki,available,2.99,32.49,high,low,7,namesilo,,,19/09/2026 22:19
0bb5f4af-4352-4b29-be60-287d146db7f3,hereabout.wiki,available,2.98,43.98,medium,low,9,namecheap,,,15/09/2026 00:18
f89fe836-f8d4-442b-b233-34bf55a5bd69,procedures.wiki,available,2.99,32.49,medium,low,10,namesilo,,,18/09/2026 17:33
bd0468e5-9755-4831-9841-33958949460a,jawed.wiki,available,2.98,43.98,medium,low,5,namecheap,,,22/08/2026 12:32
005bfe4b-6533-4f5d-86d6-607b49a5c522,unfeigned.wiki,available,2.98,43.98,medium,low,9,namecheap,,,12/09/2026 10:06
f3037503-5064-4d51-aed9-37a0dc499a86,appall.wiki,available,2.99,32.49,medium,low,6,namesilo,,,18/09/2026 01:55
79473f80-872d-4c94-9c8c-a4085b25f4f2,devotion.wiki,available,2.99,32.49,high,low,8,namesilo,,,29/09/2026 14:45
689e18e1-ee5f-4fd5-a770-67cda5a1ed0a,landward.wiki,available,2.98,43.98,medium,low,8,namecheap,,,15/09/2026 10:39
9270c529-1510-4453-9c6f-6197c24dc55f,lasts.wiki,available,2.99,32.49,low,low,5,namesilo,,,28/09/2026 09:03
abd26228-c752-4675-bca8-48fdd7f1dfea,carrollton.wiki,available,2.99,32.49,high,low,10,namesilo,,,29/09/2026 22:42
76bac44f-4e00-416c-83a6-f0f7c2b1af90,shote.wiki,available,2.98,43.98,high,medium,5,namecheap,,,08/09/2026 19:36
8ad3db8d-acf1-427d-86fd-ec0ed9df90a5,sisterly.wiki,available,2.98,43.98,high,low,8,namecheap,,,10/09/2026 08:52
716a249a-7bd0-427a-8915-c5d9ae074da5,majority.wiki,available,2.99,32.49,high,low,8,namesilo,,,28/09/2026 17:11
a9b2b400-c5f7-4440-ad28-e29aafb7b4f5,pyretic.wiki,available,2.98,43.98,medium,low,7,namecheap,,,09/09/2026 07:03
9ee2c5e3-faec-496f-b691-99aff5650f11,stuyvesant.wiki,available,1.75,26.08,high,low,10,spaceship,,,29/09/2026 19:58
6405c5b7-0c6e-45f8-a5a5-c2894817aa75,attracted.wiki,available,2.99,32.49,high,low,9,namesilo,,,26/09/2026 03:10
61422bef-71b2-44a8-a7e7-8470d25e22ee,adieu.wiki,available,25.2,25.2,high,low,5,cloudflare,,,28/09/2026 18:34
cfb986b9-4fc1-444b-89b6-342959b029d6,notation.wiki,available,2.98,43.98,high,low,8,namecheap,,,19/09/2026 10:43
db9c6190-454c-484a-b8d2-3e7c2ad82d0c,reformer.wiki,available,2.98,43.98,high,low,8,namecheap,,,19/09/2026 15:23
1c3646c8-69a8-4373-9570-f1d49867fe60,astound.wiki,available,2.99,32.49,high,low,7,namesilo,,,
baf5bc66-a253-48ed-acfa-7149432cb781,vexation.wiki,available,2.98,43.98,medium,low,8,namecheap,,,
1c600358-3910-4559-a128-0e2633a2d7af,damn.wiki,available,2.98,43.98,high,low,4,namecheap,,,22/09/2026 00:35
d91eadc4-f4fb-47d0-ad42-5d4867dc61a4,gayly.wiki,available,2.98,43.98,medium,low,5,namecheap,,,14/09/2026 00:29
4c0194b3-e615-48fb-a8f6-f2f35bfede6c,reeves.wiki,available,2.99,32.49,high,low,6,namesilo,,,29/09/2026 09:55
41e48308-b935-4af6-af49-4c2d20093cb3,blues.wiki,premium,103.7,103.7,high,low,5,spaceship,,,29/09/2026 03:01
8ccdb4c1-217f-4250-b7af-32403f6e56af,boots.wiki,available,2.98,43.98,high,low,5,namecheap,,,24/09/2026 08:28
c670c55b-980d-4227-af3c-daed9bd31bb0,vols.wiki,premium,53.92,53.92,medium,low,4,namesilo,,,27/09/2026 11:41
e82ab567-74fc-4070-93ef-59d79a840be3,fastgrowing.wiki,available,2.99,32.49,high,low,12,namesilo,,,
7f34e385-3cbb-4860-b204-27820ecea47f,overnice.wiki,available,2.98,43.98,medium,low,8,namecheap,,,04/09/2026 21:20
416e93a7-d861-4951-a5e3-d1510dacbd91,exposition.wiki,available,1.75,26.08,high,low,10,spaceship,,,29/09/2026 18:50
b1683153-3f72-42ec-a7ef-82e0947e9504,hewitt.wiki,available,2.99,32.49,high,low,6,namesilo,,,25/09/2026 15:59
3fe1823b-cf9c-4a68-9575-42cae8a76c79,estimable.wiki,available,2.98,43.98,high,low,9,namecheap,,,12/08/2026 19:44
4e6e31ef-658b-4e93-a9cc-7181b6e7fe4f,breakaway.wiki,available,2.98,43.98,high,low,9,namecheap,,,11/08/2026 03:01
908e6b72-c909-48f9-9ac0-61338d951c46,dolphins.wiki,available,25.2,25.2,medium,low,8,cloudflare,,,28/09/2026 18:14
8fc82b95-6f11-4d68-87d9-a22553ab6a82,truant.wiki,available,2.98,43.98,high,low,6,namecheap,,,08/08/2026 01:41
376287ec-a2cf-48ab-8e8e-56967a49ddc5,lil.wiki,available,2.99,32.49,high,low,3,namesilo,,,27/09/2026 06:06
322f1e2c-0934-4515-9bcf-da34afc1b84c,indifferent.wiki,available,2.99,,high,low,11,name.com,,,
a00f26c0-ba02-4862-a23f-e2c0aeae6017,recessions.wiki,available,2.99,32.49,low,low,10,namesilo,,,21/09/2026 06:29
8692280e-45cc-4050-93a9-fdf5c6ce5a49,aspect.wiki,available,1.75,26.08,high,low,6,spaceship,,,28/09/2026 22:41
f23dd578-1d65-4485-ad3d-0479821940d8,prayer.wiki,resell,,,high,low,6,"NameCheap, Inc.",08/04/2023 23:18,08/04/2028 23:18,28/09/2026 01:59
75b96655-eef5-4743-8054-24b60a96ae80,store.wiki,resell,,,high,medium,5,"Chengdu West Dimension Digital Technology Co., Ltd.",05/03/2024 00:00,05/03/2027 00:00,26/09/2026 09:19
fd5cbb42-80d0-411f-a993-26f6fae26460,masoud.wiki,available,2.98,43.98,medium,low,6,namecheap,,,17/09/2026 20:25
2ac0f913-83b5-4cc4-94b6-e0648b07f76c,louse.wiki,available,2.98,43.98,medium,low,5,namecheap,,,23/09/2026 20:00
876550b8-63f6-4d09-8c3e-5734aace4f48,ananias.wiki,available,2.99,32.49,medium,low,7,namesilo,,,19/09/2026 02:03
41c0e67b-8e03-4751-9b83-908a007811a9,quickset.wiki,available,2.98,43.98,medium,low,8,namecheap,,,09/09/2026 08:43
5f9aa034-b145-46d2-a267-baccabaf462a,wideband.wiki,available,2.98,43.98,high,low,8,namecheap,,,13/09/2026 11:50
02fcd1a9-7731-4ebc-990f-f05d922b0239,pungent.wiki,available,2.98,43.98,high,low,7,namecheap,,,
6a3254c0-039b-41b9-854f-3a0d30b242cc,mubarak.wiki,available,2.99,32.49,medium,low,7,namesilo,,,29/09/2026 13:04
10a90b57-6272-47cf-8e03-c9a73c471aae,eliza.wiki,available,2.99,32.49,high,low,5,namesilo,,,
81bd9ec4-f24a-4f25-8a88-b9ed494825ef,crisscross.wiki,available,2.98,43.98,high,low,10,namecheap,,,13/08/2026 07:25
8501e9bc-390d-444a-9c40-84d302eeface,pyrenees.wiki,available,2.99,,high,low,8,name.com,,,
4f7c3d99-9f13-4c69-a5f4-23a3065ce48e,annoy.wiki,available,2.99,32.49,high,low,5,namesilo,,,29/09/2026 14:37
db46bd99-f717-4979-8fcb-acb0f3a75438,bextra.wiki,available,2.99,32.49,medium,low,6,namesilo,,,23/09/2026 12:09
7fb07e59-c143-4146-a7ac-c782564bf339,dukes.wiki,available,2.06,26.26,high,low,5,porkbun,,,29/09/2026 15:43
0f720a4e-285d-464a-832e-e512c1bd419f,housekeeper.wiki,available,1.75,26.08,high,low,11,spaceship,,,28/09/2026 11:27
9ff6079f-5599-4673-a8fb-afe03f58b634,linear.wiki,available,2.98,43.98,high,low,6,namecheap,,,
ccbfa71b-431a-4421-8899-370c2f1adb7d,pause.wiki,available,25.2,25.2,high,low,5,cloudflare,,,28/09/2026 06:34
1f02a1db-65a6-4ef2-9f5a-1fa04e372b42,cindy.wiki,available,2.99,32.49,high,low,5,namesilo,,,
aac48ed9-d839-44b1-bd34-a56a2d163126,investment.wiki,premium,715,715,high,low,10,dynadot,,,28/09/2026 22:07
c22a81e7-0c6d-4d64-9e1d-a2f045dc530a,bimanual.wiki,available,2.98,43.98,medium,low,8,namecheap,,,09/08/2026 22:36
18efad17-53b3-42a2-86e2-c6851a9117d4,lawless.wiki,available,2.98,43.98,medium,low,7,namecheap,,,
9b866fc2-e1d8-4b91-8e41-d7614b491f08,totally.wiki,available,2.99,32.49,high,low,7,namesilo,,,22/09/2026 00:22
a7122848-fd53-4de6-8d1a-1c56f6b616fe,attained.wiki,available,2.98,43.98,high,low,8,namecheap,,,07/08/2026 15:07
40fcd889-069d-46cc-b96d-dc01fd349ead,bidding.wiki,available,2.99,32.49,high,low,7,namesilo,,,23/09/2026 13:29
7a4f16aa-3bc7-40e0-bfbf-eac1cf5948e0,mouthcare.wiki,available,2.99,,medium,low,9,name.com,,,
f028d017-a312-49e0-befe-6777a2092d0a,terminating.wiki,available,2.98,43.98,medium,low,11,namecheap,,,08/09/2026 14:51
1314c34f-76aa-40e2-bc66-c766b27afe18,bagful.wiki,available,2.98,43.98,medium,low,6,namecheap,,,21/09/2026 17:57
ebf26a54-a600-4f1b-bcb3-e84ce22edf54,magnum.wiki,available,1.75,26.08,high,low,6,spaceship,,,28/09/2026 06:19
3761fab2-e52f-409f-bc2f-cb2ed8303b9c,ninety.wiki,available,2.98,43.98,high,low,6,namecheap,,,
064e1627-550d-4f37-8fe5-c866397c68ce,collarbone.wiki,available,2.99,32.49,medium,low,11,namesilo,,,
bddd2729-a168-4e02-b60b-001dc8666a24,argot.wiki,available,2.98,43.98,medium,low,5,namecheap,,,13/09/2026 04:14
3f158154-f06a-4618-8099-299b6f3f88c7,unruffled.wiki,available,2.98,43.98,high,medium,9,namecheap,,,08/09/2026 20:15
5c5a2adf-2864-4e52-918d-f3fc19bc4d82,queerly.wiki,available,2.98,43.98,medium,low,7,namecheap,,,14/09/2026 18:39
5e1ed7fd-13a0-474a-a716-3ac83c824e02,bladder.wiki,available,2.99,32.49,high,low,7,namesilo,,,24/09/2026 03:26
a12c9c63-2307-472e-ab8e-a8604b5956f1,alidad.wiki,available,2.99,32.49,medium,low,6,namesilo,,,18/09/2026 07:31
a806b34e-2aac-42c2-a17a-59d66af0cfd7,brawny.wiki,available,2.98,43.98,high,low,6,namecheap,,,11/08/2026 02:47
dbed7fa4-b652-4a12-9ec8-6f5486ca2f6f,vernacular.wiki,available,2.98,43.98,high,low,10,namecheap,,,13/09/2026 04:07
5ac74e66-c38f-4af6-bbf8-e0dff41941a5,forfeit.wiki,available,2.98,43.98,high,low,7,namecheap,,,12/08/2026 21:00
d052730a-ae7d-4afa-b567-36b11dd949c2,bolshie.wiki,available,2.98,43.98,medium,low,7,namecheap,,,10/08/2026 17:55
8f3a0310-9713-49f1-9f42-63e29ccef50a,luton.wiki,available,1.75,26.08,high,low,5,spaceship,,,29/09/2026 21:25
95a4658c-0536-4538-9b7c-1b1249ede984,hotfoot.wiki,available,2.98,43.98,high,low,7,namecheap,,,09/09/2026 19:44
6f9eee3c-1524-485e-a19e-5d8742a0abcf,barcarole.wiki,available,2.99,32.49,medium,low,9,namesilo,,,22/09/2026 05:06
19532cec-099e-4439-a37f-c58e55d8c75a,teeming.wiki,available,2.98,43.98,medium,low,7,namecheap,,,11/09/2026 10:05
0d748e23-64fa-4332-b4fa-afee95a92f39,spas.wiki,premium,65,65,medium,low,4,namecheap,,,18/09/2026 21:33
f8df1e36-0522-4775-b10a-713aba257bad,readers.wiki,available,1.75,26.08,high,low,7,spaceship,,,28/09/2026 17:52
e2687d40-097a-4813-98ef-2828aa1a3767,chechnya.wiki,available,1.75,26.08,medium,low,8,spaceship,,,29/09/2026 18:18
97e036f0-99e0-47c0-adc9-1014468a6af0,becket.wiki,available,2.99,65.99,high,low,6,name.com,,,22/09/2026 22:36
f4cd83b9-a708-483b-92a2-770ec6ac2160,unstrung.wiki,available,2.98,43.98,medium,low,8,namecheap,,,12/09/2026 20:39
2f03edac-36ca-4a4c-afdf-4b1d7852e6b8,sportive.wiki,available,2.98,43.98,medium,low,8,namecheap,,,12/08/2026 18:10
ac243456-58e5-4175-89e8-4f8193ed678b,grizzly.wiki,available,2.98,43.98,high,low,7,namecheap,,,20/08/2026 19:16
1b6227b9-5bfd-42f5-b467-0360918e3b3f,anorgasmia.wiki,available,2.99,32.49,medium,low,10,namesilo,,,19/09/2026 11:47
c8eab5c1-95f9-4dff-897c-e9d7d6808b12,sneezes.wiki,available,2.99,65.99,medium,low,7,name.com,,,20/09/2026 09:46
1306a170-910a-4282-9f8c-7d310af81fd7,reliably.wiki,available,2.98,43.98,high,low,8,namecheap,,,14/09/2026 11:46
3872b1ae-f555-4170-95ac-232afcdb4a2e,algolagnia.wiki,available,2.99,32.49,medium,low,10,namesilo,,,18/09/2026 07:07
0fd58866-c720-46f6-b3ca-a8529b76751b,doubting.wiki,available,2.98,43.98,high,low,8,namecheap,,,14/08/2026 17:01
20c54d44-a867-4d97-9bfc-cf5a4a37e241,achy.wiki,premium,53.92,53.92,medium,low,4,namesilo,,,
8a3500ab-fb25-4b09-b072-596491cede64,instincts.wiki,available,2.06,26.26,low,low,9,porkbun,,,28/09/2026 17:50
15173dc6-c959-4658-8940-2b10fb4a5dea,dismal.wiki,available,2.98,43.98,medium,low,6,namecheap,,,14/08/2026 11:38
f7d93422-a4ce-42ca-9083-c352f01e23ae,bohrium.wiki,available,2.99,32.49,medium,low,7,namesilo,,,20/09/2026 22:07
23ed885e-b554-40d1-aa1f-d54fb880b48c,blistering.wiki,available,2.98,43.98,high,low,10,namecheap,,,
c8006d40-4de2-4beb-8e46-f13eeb400e9a,pistol.wiki,available,2.99,32.49,high,low,6,namesilo,,,27/09/2026 04:22
64ab20ba-a43b-4e15-af5b-cb696950a6c4,humility.wiki,available,2.99,32.49,high,low,8,namesilo,,,29/09/2026 07:17
cb101f41-5c5b-47ed-be5e-db6cab727a7d,romans.wiki,available,1.75,26.08,medium,low,6,spaceship,,,28/09/2026 19:05
5946d447-3672-448b-80e9-f8adaff1a9a9,aranea.wiki,available,2.99,32.49,medium,low,6,namesilo,,,20/09/2026 00:00
f17a66d2-b078-499c-98c6-994bf9a4cbd0,unco.wiki,premium,53.92,53.92,medium,low,4,namesilo,,,15/09/2026 23:08
ee5966b3-5710-498a-8383-c5daa9b887f6,constraints.wiki,available,2.98,43.98,low,low,11,namecheap,,,20/09/2026 23:49
d516ee6e-eb17-41a9-9b57-3ca693198515,hoyt.wiki,premium,51.95,51.95,medium,low,4,spaceship,,,28/09/2026 08:07
aea7224d-c3fa-4c54-9810-d8f5ae1b01d3,anthropology.wiki,available,25.2,25.2,high,low,12,cloudflare,,,29/09/2026 16:22
798515b8-5ce6-4cbd-b0cf-447d06f622b8,intriguing.wiki,available,2.99,32.49,high,low,10,namesilo,,,25/09/2026 10:52
725e9ada-8ca0-4f43-8f5e-0483ea9d80b8,fundamentals.wiki,available,2.99,32.49,high,low,12,namesilo,,,17/09/2026 09:40
f6c5c2a7-cd21-4954-8b60-fff40846ca5c,yamaguchi.wiki,available,2,26.97,medium,low,9,dynadot,,,29/09/2026 23:46
aa94c3ad-0a97-4024-94be-9eb11fe150eb,wiggler.wiki,available,2.99,32.49,medium,low,7,namesilo,,,19/09/2026 06:38
8ea987e9-0068-451c-aa0c-60c5fbf8e825,bleb.wiki,premium,53.92,53.92,medium,low,4,namesilo,,,24/09/2026 05:21
666d5a93-db2e-447f-8b96-c181fe45fbc4,granth.wiki,available,2.99,32.49,high,low,6,namesilo,,,17/09/2026 08:05
baf94303-c90a-4639-b508-258e61ec3062,veto.wiki,premium,53.92,53.92,high,low,4,namesilo,,,03/09/2026 15:01
f877de2c-3fdb-4a0a-85e0-cc77f0f63780,finalized.wiki,available,2.99,32.49,medium,low,9,namesilo,,,17/09/2026 13:05
4376cc65-fc06-490f-9ab3-e2e2c5b98c05,stockholm.wiki,premium,109.69,109.69,high,low,9,porkbun,,,29/09/2026 07:01
ce9ab459-e6a9-44f2-81a1-bff666bbbfd6,wrath.wiki,available,1.75,26.08,medium,low,5,spaceship,,,28/09/2026 20:48
940ba46e-bbfa-4c1d-b44b-f41aeaf4085b,antonymous.wiki,available,2.98,43.98,medium,low,10,namecheap,,,05/08/2026 20:16
bb0ec8a3-2dcd-448b-8ff5-f4cb9f279105,swimsuits.wiki,available,2.99,65.99,medium,low,9,name.com,,,18/09/2026 15:44
01bd6b66-8bee-4630-b6fe-206f802b7695,serenely.wiki,available,2.98,43.98,medium,low,8,namecheap,,,16/09/2026 01:06
40f7e4b9-15f4-4782-9c17-e1f45efbd39b,waterflow.wiki,available,2.99,,high,low,9,name.com,,,
40240311-2e85-4c06-91f3-fa304c72d9a3,nilpotent.wiki,available,2.98,43.98,medium,low,9,namecheap,,,03/09/2026 17:28
a1ecd9f0-b14c-4f9c-b37a-68626db37a99,goodenough.wiki,available,2.99,32.49,high,low,11,namesilo,,,
c5f68139-bf48-4d64-8167-0625b2c65870,marjorie.wiki,available,2.99,32.49,high,low,8,namesilo,,,29/09/2026 04:00
cf8c57a2-870d-4189-96ac-816dbdefa066,ankles.wiki,available,2.99,32.49,medium,low,6,namesilo,,,30/09/2026 00:20
c878c16e-ba57-4bad-9970-08359e13d119,mislabeled.wiki,available,2.98,43.98,medium,low,10,namecheap,,,25/08/2026 01:21
1437970f-fb97-46f9-843d-09df557d9f02,scotty.wiki,available,2.99,32.49,high,low,6,namesilo,,,29/09/2026 22:06
7f46722b-5df6-4cd1-b8f8-9405e1100648,auckland.wiki,premium,130,130,high,low,8,namecheap,,,21/09/2026 02:39
50aae0df-1664-408e-b3de-6a424918f7ba,cupric.wiki,available,2.98,43.98,medium,low,6,namecheap,,,13/08/2026 10:49
368e1b7f-f22a-4c34-8ed5-c23d7b4ea6cf,alberti.wiki,available,2.99,32.49,high,low,7,namesilo,,,18/09/2026 02:45
a931c3a9-dd7b-49b7-ae39-ca568cfb391b,apnoeic.wiki,available,2.98,43.98,medium,low,7,namecheap,,,06/08/2026 00:46
7c89669d-9d84-435d-92ee-e5eb5fb7920b,carelessly.wiki,available,2.98,43.98,medium,low,10,namecheap,,,14/09/2026 05:19
fe3f65a8-763c-4f2a-a083-f783aa9ff9ed,graz.wiki,premium,,,medium,low,4,,,,29/09/2026 01:07
d1d7fbb5-1bc1-4da9-9fbf-a8827e1d00fb,muller.wiki,available,2.98,43.98,high,low,6,namecheap,,,29/09/2026 18:58
3d498765-cbdd-4e41-95a4-841bfc200714,connell.wiki,available,2.99,32.49,medium,low,7,namesilo,,,28/09/2026 22:06
25046d8f-54a5-409b-9d3c-8fb54137e935,modified.wiki,available,2.98,43.98,high,low,8,namecheap,,,25/08/2026 03:15
b2d64979-a8e0-41e9-b4b7-2f6ba3362b77,contestant.wiki,available,2.98,43.98,medium,low,10,namecheap,,,14/08/2026 12:45
4ccae4c9-6314-42bf-ac60-0534cbbcbcc3,expensive.wiki,available,2.98,43.98,high,low,9,namecheap,,,17/08/2026 18:10
baf95ea5-fb3e-4050-883b-6eca9c292183,imminently.wiki,available,2.98,43.98,medium,low,10,namecheap,,,15/09/2026 02:00
7fc576eb-8571-4886-ac2e-178bc6f962b4,hollis.wiki,available,2.99,32.49,high,low,6,namesilo,,,28/09/2026 07:30
4b8399ec-34db-44e7-ac55-d65c8840a250,reddish.wiki,available,2.99,32.49,high,low,7,namesilo,,,19/09/2026 03:49
ad31d3c5-0a25-45b3-9cda-3b143f4c1b53,whipped.wiki,available,25.2,25.2,medium,low,7,cloudflare,,,28/09/2026 21:21
bed50eab-79ec-4376-b87c-8f15695c8b0b,yankee.wiki,available,2.98,43.98,high,low,6,namecheap,,,13/09/2026 14:12
706c1d77-1f5e-4497-8b39-7bd834eee62a,accessed.wiki,available,25.2,25.2,medium,low,8,cloudflare,,,29/09/2026 16:22
4870cc6d-33aa-42ee-ba6a-72eee8b90496,snatched.wiki,available,25.2,25.2,high,low,8,cloudflare,,,29/09/2026 21:12
2e076620-1a65-4c5e-b431-0360e69b5dfc,aram.wiki,premium,53.92,53.92,high,low,4,namesilo,,,19/09/2026 23:55
4f613305-4e90-4ecf-949b-aa5adfa1e0ba,spielberg.wiki,available,2.99,32.49,high,low,9,namesilo,,,29/09/2026 13:59
d2b9f5b1-0604-4290-958c-ac1149cf97be,deluxe.wiki,available,2.99,65.99,high,low,6,name.com,,,13/08/2026 19:11
3b2d069b-d7ff-489f-a539-35ef8c890948,esthete.wiki,available,2.99,32.49,medium,low,7,namesilo,,,17/09/2026 13:35
a87fb736-70e8-4064-b5ae-f47b6947afd7,slay.wiki,available,2.98,43.98,high,low,4,namecheap,,,04/09/2026 00:55
99b11a56-31b1-4fb1-b032-65448dfddccf,commerce.wiki,premium,116,116,high,low,8,namesilo,,,28/09/2026 15:11
fc26fa54-2641-4794-a226-0a1ebf5b18ed,hassle.wiki,available,1.75,26.08,high,low,6,spaceship,,,27/09/2026 16:35
3dcd65d7-32bd-4d35-96ab-c2c96c3cdf63,propel.wiki,available,2.98,43.98,high,low,6,namecheap,,,09/09/2026 03:16
a354ea3a-dba3-4d00-b382-1c7d9842bece,announced.wiki,available,2.99,32.49,high,low,9,namesilo,,,22/09/2026 05:10
7d68524e-ad78-42b3-ae5e-4f17488bde16,showing.wiki,available,2.98,43.98,high,low,7,namecheap,,,25/09/2026 10:36
10249a6c-925e-4cc2-94d8-f2cd362d57f8,kirkwood.wiki,available,25.2,25.2,high,low,8,cloudflare,,,29/09/2026 10:55
5f695815-4247-40b4-a788-4621a28adff4,doj.wiki,premium,103.7,103.7,high,low,3,spaceship,,,29/09/2026 12:03
a618e9bd-2a52-4a78-8be3-9e7f330348f9,report.wiki,resell,,,high,low,6,"Chengdu West Dimension Digital Technology Co., Ltd.",05/05/2020 22:21,05/05/2027 23:59,26/09/2026 08:36
3b0346c4-f1d5-4a40-b567-d0cc1086cd73,cadillac.wiki,available,2.99,32.49,high,low,8,namesilo,,,
a1fc854b-0597-4af6-9d03-bcb4c02cbdfe,reluctant.wiki,available,2.98,43.98,medium,low,9,namecheap,,,24/08/2026 08:21
6fd46a94-ddf1-4a2c-a27c-98a61364b87c,fill.wiki,premium,65,65,high,low,4,namecheap,,,27/09/2026 11:50
0141038a-2ff2-4f20-9d71-3a8baa120871,baud.wiki,premium,53.92,53.92,medium,low,4,namesilo,,,22/09/2026 16:32
3583bffd-e759-48c7-9ac6-aefe3703b6d3,recreate.wiki,available,2.99,32.49,high,low,8,namesilo,,,24/09/2026 14:10
71b3e4e2-1a57-48c2-9674-2c51596e6892,slyly.wiki,available,2.98,43.98,medium,low,5,namecheap,,,14/09/2026 09:08
69b8c309-47ce-4a8c-a269-8ee46d4f010c,aversion.wiki,available,2.99,32.49,medium,low,8,namesilo,,,19/09/2026 14:54
4b355a38-2f27-4b48-9189-b7f318eb62b1,arequipa.wiki,available,2.99,32.49,medium,low,8,namesilo,,,20/09/2026 03:53
82445826-db4e-4747-9d5d-f40076bc2598,parochial.wiki,available,2.98,43.98,medium,low,9,namecheap,,,08/09/2026 01:46
d6a4d4bf-a504-4644-b469-13592fae8abd,winfred.wiki,available,2.98,43.98,medium,low,7,namecheap,,,19/09/2026 19:23
0914da6f-47b8-4636-bf98-dd22791f3979,somersault.wiki,available,2.98,43.98,high,low,10,namecheap,,,18/08/2026 08:25
e9e2bc66-74b6-46b6-b09e-34dbb23c3c39,dean.wiki,resell,,,high,low,4,,,,27/09/2026 03:39
08c204f5-1b28-4089-b240-a0169440b904,secret.wiki,resell,,,high,medium,6,"Sav.com, LLC - 41",28/06/2026 00:00,28/06/2027 00:00,26/09/2026 08:53
f2c9abc6-33d4-4cc8-bdc7-d2266d4a8bb9,board.wiki,resell,,,high,low,5,"Sav.com, LLC - 50",28/08/2026 00:00,28/08/2027 00:00,28/09/2026 18:20
34384bdc-b9d4-4d8b-8115-139095eccc82,frowning.wiki,available,2.98,43.98,medium,low,8,namecheap,,,18/08/2026 16:40
b9f72f89-452e-4ed7-b096-edd2fab632b1,apologise.wiki,available,2.99,32.49,high,low,9,namesilo,,,
1514a83e-0149-48c8-99dd-418bb650ea08,hardcover.wiki,available,2.98,43.98,high,low,9,namecheap,,,21/08/2026 00:44
280ed2a1-226a-4181-a7e2-d788f4c1bd13,wizardly.wiki,available,2.98,43.98,medium,low,8,namecheap,,,24/08/2026 13:02
008d2916-36a6-42d1-8585-13b5e291cdfd,oneiric.wiki,available,2.98,43.98,medium,low,7,namecheap,,,04/09/2026 15:12
0a4d14aa-ce34-40c7-935c-ba18dee519d1,audiogram.wiki,available,2.99,32.49,medium,low,9,namesilo,,,21/09/2026 02:55
f713079d-4082-4723-8da8-3ceb729533d7,sprouted.wiki,available,2.98,43.98,medium,low,8,namecheap,,,10/09/2026 16:55
9abb747b-d0ad-4073-8974-fb17731d80c6,peters.wiki,available,1.75,26.08,high,low,6,spaceship,,,28/09/2026 17:25
51c8e814-6d5a-45e1-b536-65f250f34bbf,showery.wiki,available,2.98,43.98,high,medium,7,namecheap,,,09/09/2026 09:50
a135d186-5dfb-482d-b261-9b71c355b09b,resettled.wiki,available,2.98,43.98,high,low,9,namecheap,,,09/09/2026 13:41
cf172884-7394-4a78-8f36-0839dd7cf4c1,sickening.wiki,available,2.98,43.98,medium,low,9,namecheap,,,24/08/2026 08:28
44155642-ac42-4596-9034-2e0ed3c0b4af,autoclave.wiki,available,2.99,65.99,medium,low,9,name.com,,,21/09/2026 06:03
8a5c0734-01c1-4020-9ba2-d8dc961601be,hex.wiki,premium,65,130,high,medium,3,namecheap,,,21/08/2026 07:35
eedca8f9-fb55-465c-a418-853c9af0bc20,isthmian.wiki,available,2.98,43.98,medium,low,8,namecheap,,,22/08/2026 11:34
1324cf19-95e9-4793-bac3-f8cef36eca5d,spending.wiki,available,2.99,32.49,high,low,8,namesilo,,,27/09/2026 03:51
6faf5a13-d2a8-4b8d-8b35-c9ba53edebf9,susan.wiki,available,2.99,,high,low,5,name.com,,,
3eb5c311-f07d-46e3-8ca1-727ee9dce926,enterprising.wiki,available,25.2,25.2,high,low,12,cloudflare,,,30/09/2026 02:31
d874e356-4403-4bd3-aa4e-c30f75f90721,hypaethral.wiki,available,2.98,43.98,medium,low,10,namecheap,,,21/08/2026 16:39
0ca0106e-7b74-4204-bbcd-37bf1aed0814,favourable.wiki,available,2.99,32.49,high,low,10,namesilo,,,24/09/2026 17:24
24b83f22-89cc-406f-ba84-ccee9f2338e8,removable.wiki,available,2.98,43.98,high,low,9,namecheap,,,03/09/2026 23:44
510bc011-df66-4c39-afde-817a262adfbf,complicate.wiki,available,2.98,43.98,high,low,10,namecheap,,,08/09/2026 14:25
7374f12d-e540-45ef-a07f-3b5b33d24153,kanawha.wiki,available,1.75,26.08,medium,low,7,spaceship,,,29/09/2026 01:29
166e0c3b-64a8-4044-80f4-c2ed8f149158,pride.wiki,premium,302.5,302.5,high,low,5,namesilo,,,
2f785626-daae-49e5-9964-1c6bf35fd7f5,cycloid.wiki,available,2.99,65.99,medium,low,7,name.com,,,13/08/2026 13:37
6088c6ee-55fa-4801-8a5c-267554e3b190,ine.wiki,premium,103.7,103.7,medium,low,3,spaceship,,,28/09/2026 08:13
d0184976-11b0-4a40-8fd1-f9bd662a1fa8,acrylamide.wiki,available,2.98,43.98,medium,low,10,namecheap,,,17/09/2026 04:00
8fb5df62-bda5-4fef-a14d-6a2992d80488,jill.wiki,premium,65,65,high,low,4,namecheap,,,25/09/2026 11:32
cf3b4302-e8b1-4895-a5ee-7f37dc2de0e4,threatened.wiki,available,2.98,43.98,medium,low,10,namecheap,,,11/09/2026 14:13
8c503721-8360-4652-8a86-083ac34b690c,undimmed.wiki,available,2.98,43.98,medium,low,8,namecheap,,,12/09/2026 08:06
c7095a2a-50da-4e61-b696-0d9959756b74,goofproof.wiki,available,2.98,43.98,high,low,9,namecheap,,,18/08/2026 10:41
c158175a-93c9-4d23-8306-42588ee328c6,algebraist.wiki,available,2.98,43.98,medium,low,10,namecheap,,,18/09/2026 06:55
7f69b49e-dc04-4aba-be3a-545bd6d541d7,anchorite.wiki,available,2.99,32.49,medium,low,9,namesilo,,,19/09/2026 03:44
3fdf7f1f-0c77-47f6-bd89-51f60b506a1a,tonight.wiki,available,2.99,32.49,high,low,7,namesilo,,,16/09/2026 08:54
5f01d157-c753-45a5-a28f-83202e8ddf6f,cordially.wiki,available,2.98,43.98,high,low,9,namecheap,,,14/09/2026 08:43
9e035ae8-cce9-45e8-ad4b-8a95b3ca3910,mirrors.wiki,available,1.75,26.08,medium,low,7,spaceship,,,28/09/2026 12:55
fcde83e1-1941-47e2-8ab4-501a2fd43049,precocial.wiki,available,2.98,43.98,high,medium,9,namecheap,,,09/09/2026 01:15
98686b83-c463-40c3-9db1-4b5983f5f760,curzon.wiki,available,25.2,25.2,medium,low,6,cloudflare,,,29/09/2026 22:25
f19c19d1-afba-4ba4-89b7-1b0a20e0ab1c,lobe.wiki,premium,55,55,high,low,4,dynadot,,,29/09/2026 19:33
4981e869-f150-4f6b-8e4b-defff373859a,dulcet.wiki,available,2.98,43.98,medium,low,6,namecheap,,,14/08/2026 20:59
3db66ab0-0cd2-4978-8e4a-6eaa9dff5bb6,pillowcases.wiki,available,2.99,32.49,medium,low,12,namesilo,,,21/09/2026 01:49
1afbdc9c-0b61-4f25-90e0-a6a1887e9f25,eightfold.wiki,available,2.98,43.98,medium,low,9,namecheap,,,15/08/2026 21:27
02582d1f-7619-431c-b01c-edb3fac9f756,retreated.wiki,available,2.98,43.98,high,low,9,namecheap,,,30/09/2026 02:43
b9194883-aa1e-41c9-aab0-501f957d75f0,affairs.wiki,available,2.99,32.49,high,low,7,namesilo,,,17/09/2026 14:09
5284e837-a8af-44e1-ac83-1bf83125fe64,outburst.wiki,available,2.99,32.49,high,low,8,namesilo,,,30/09/2026 01:27
c489d93d-8700-42fd-b159-d777749c66cd,ramate.wiki,available,2.98,43.98,medium,low,6,namecheap,,,11/08/2026 02:17
cc6c6e6f-874d-4693-89df-c1c4af591bf1,exhaustion.wiki,available,2.98,43.98,medium,low,10,namecheap,,,29/09/2026 13:24
77badf26-cb97-4e8a-a5b1-d1d36ed723ae,scheduling.wiki,available,2.98,43.98,high,low,10,namecheap,,,29/09/2026 02:34
a94d4d8f-7529-4b5f-b79c-080555f77dff,slowed.wiki,available,2.99,32.49,medium,low,6,namesilo,,,20/09/2026 15:42
f7e30351-a9b1-40cd-9723-db025be25b20,peninsular.wiki,available,2.98,43.98,high,low,10,namecheap,,,08/09/2026 14:28
17cda73e-37c9-4151-8c5e-7a8254d333a6,ecru.wiki,premium,32.5,65,medium,low,4,namecheap,,,09/08/2026 12:26
7ad67609-b0a0-412f-8ac4-69a35d3c236c,addison.wiki,available,1.75,26.08,high,low,7,spaceship,,,29/09/2026 23:23
f7b275b2-9aac-46c4-9331-8bf02a50ae31,metropolitan.wiki,available,1.75,26.08,medium,low,12,spaceship,,,29/09/2026 02:58
6de8ef21-b6bf-49dd-8301-96f6a18aeed5,rutty.wiki,available,2.98,43.98,medium,low,5,namecheap,,,09/09/2026 20:24
649e7e5b-df92-4c05-b1ec-8db20973c03d,volitional.wiki,available,2.98,43.98,medium,low,10,namecheap,,,13/09/2026 06:50
f7eb906a-81e0-4965-85e0-648cebadf6d2,duchess.wiki,available,2.98,43.98,high,low,7,namecheap,,,29/09/2026 16:59
1536d96c-3cb6-424a-ba29-315a80078a50,mangonel.wiki,available,2.99,32.49,medium,low,8,namesilo,,,20/09/2026 00:37
b0797d26-1dc1-4ddb-9d7e-f41167edc151,cans.wiki,premium,53.92,53.92,medium,low,4,namesilo,,,18/09/2026 22:47
4b2870c4-d63b-421b-933b-1769b58969f3,addicted.wiki,available,2.99,32.49,high,low,8,namesilo,,,21/09/2026 17:07
42ebe69f-1539-413d-ae6f-a3f68c8903ff,outmost.wiki,available,2.98,43.98,high,low,7,namecheap,,,04/09/2026 19:19
fced5638-9038-4563-90ca-6bb99c7144ba,finger.wiki,available,2.99,32.49,high,low,6,namesilo,,,25/09/2026 06:02
d85c57ee-edcf-4e73-8368-7e5d6b55937d,cumbersome.wiki,available,2.98,43.98,medium,low,10,namecheap,,,13/08/2026 10:25
2a7b851e-d70c-44f5-a88e-10f00e2daaf4,toradol.wiki,available,2.99,32.49,medium,low,7,namesilo,,,17/09/2026 05:31
258c8819-657b-4115-aef9-259118b9213a,mcdonnell.wiki,available,2.99,32.49,medium,low,9,namesilo,,,27/09/2026 02:55
b11c69c0-de8f-4721-ad15-2f586d77d1ed,optically.wiki,available,2.98,43.98,medium,low,9,namecheap,,,15/09/2026 18:03
b4afc4eb-78a6-41b3-b313-3a2f3da2b9d8,frequently.wiki,available,2.99,32.49,high,low,10,namesilo,,,28/09/2026 14:57
91850b0b-d008-49d0-981a-65876cb25226,enkindled.wiki,available,2.98,43.98,medium,low,9,namecheap,,,17/08/2026 09:31
cf11ac1c-7de3-4d6a-a8f5-9eb8b60b4f43,synoecious.wiki,available,2.98,43.98,medium,low,10,namecheap,,,11/09/2026 06:29
7e7d8fd4-fa9b-4475-a61f-7f9c598eb9a6,repetition.wiki,available,2.99,32.49,high,low,10,namesilo,,,30/09/2026 02:41
90d42449-5b29-4179-bb5a-6ba168172c98,niobium.wiki,available,2.99,32.49,medium,low,7,namesilo,,,20/09/2026 23:04
589ba3ce-ea0f-4a7b-911d-44b0ac5a3f25,worst.wiki,available,2.99,32.49,medium,low,5,namesilo,,,28/09/2026 10:59
0fd0514c-a8b7-4b55-8306-0a90e9b57858,unwrinkled.wiki,available,2.98,43.98,medium,low,10,namecheap,,,12/09/2026 22:55
6390f595-e0b1-48a9-aa5c-61e03701d4b9,huffish.wiki,available,2.98,43.98,medium,low,7,namecheap,,,21/08/2026 14:38
fb4af198-3edb-48d1-b284-d1a78db39781,tonic.wiki,available,2.99,32.49,high,low,5,namesilo,,,19/09/2026 16:01
c2432dab-d0dd-459a-8b60-92985b661ea4,tod.wiki,premium,116,116,high,low,3,namesilo,,,11/09/2026 16:39
3df0e4e5-abdf-4953-bd62-0b83b37b5561,simplify.wiki,available,2.98,43.98,high,low,8,namecheap,,,25/09/2026 14:02
80012cbd-38d7-4cb0-a665-a041398eefd9,roughneck.wiki,available,2.98,43.98,medium,low,9,namecheap,,,11/08/2026 08:43
c7c6d568-86e4-4ee1-a7ec-5892d5dfcc05,enrollment.wiki,available,2.99,32.49,high,low,10,namesilo,,,28/09/2026 02:45
ee9ebee2-733a-48e8-b9f4-f0aa5b986ce3,badness.wiki,available,2.98,43.98,medium,low,7,namecheap,,,08/08/2026 07:23
8be65d37-3b1f-4379-8fa2-fc4331067c6d,stepping.wiki,available,2.98,43.98,high,low,8,namecheap,,,16/09/2026 15:33
22908f8c-74c8-4d6f-a829-e6d046515312,gushy.wiki,available,2.98,43.98,medium,low,5,namecheap,,,20/08/2026 21:03
fd6827f9-2e4c-4037-bce3-56ea7e4c2067,beholding.wiki,available,2.98,43.98,high,low,9,namecheap,,,10/09/2026 01:47
4576eb43-054e-43a5-a343-00d56a12c6a9,capitalist.wiki,available,2.98,43.98,high,low,10,namecheap,,,11/08/2026 17:55
e97a2c5c-f57f-4881-a2ea-1a05039eb4ec,compactly.wiki,available,2.98,43.98,medium,low,9,namecheap,,,14/09/2026 07:35
52658be8-f611-45cf-a504-a12aa57f0b9e,linger.wiki,available,2.98,43.98,medium,low,6,namecheap,,,11/09/2026 08:37
24b48f4e-5828-4ee4-a7b7-d6e1f116ac32,copyright.wiki,premium,130,130,high,low,9,namecheap,,,24/09/2026 18:10
2fd02c3e-904e-4621-b080-8d54c29936a0,welsh.wiki,available,2.98,43.98,high,low,5,namecheap,,,11/08/2026 15:44
c49f610c-ccae-4bfb-a4cb-8124b5013423,andersen.wiki,available,2.98,43.98,high,low,8,namecheap,,,19/09/2026 04:01
005006ba-523f-4182-9981-66ff41807cfa,uuh.wiki,premium,116,116,medium,low,3,namesilo,,,20/09/2026 22:22
41c9fe37-1809-4c10-acf7-542ffde8b8f7,coruscant.wiki,available,,,medium,low,9,,,,
892d197c-2d22-4c32-b239-47829d98855d,probative.wiki,available,2.98,43.98,medium,low,9,namecheap,,,09/09/2026 02:27
5cefdc80-1aa1-4955-b7d2-f053f22a7924,moderne.wiki,available,2.98,43.98,medium,low,7,namecheap,,,25/08/2026 03:00
23435a17-7942-4c50-aad9-16f1c8771dad,gene.wiki,premium,103.7,103.7,high,low,4,spaceship,,,29/09/2026 09:24
bb2ac18e-b85f-42c3-9b11-8b9eb873a2cb,actors.wiki,available,2.99,32.49,high,low,6,namesilo,,,
944e39d2-36b8-4290-9eae-5a712656fa83,unauthorized.wiki,available,2.99,32.49,medium,low,12,namesilo,,,28/09/2026 22:49
253b7c40-e7e1-4d4d-b70c-90aa72e22e74,machining.wiki,premium,53.92,53.92,medium,low,9,namesilo,,,29/09/2026 03:26
8d903e10-6329-4ac3-a330-0c113739254a,grapes.wiki,available,2.99,32.49,high,low,6,namesilo,,,28/09/2026 12:35
99894c66-1d38-44e8-b314-45d3d72e596f,exemplary.wiki,available,2.98,43.98,high,low,9,namecheap,,,21/09/2026 18:58
ea16bb34-a2ee-4ec7-91d2-f702d33a730d,fordable.wiki,available,2.98,43.98,medium,low,8,namecheap,,,18/08/2026 11:24
83deb184-b8df-4d60-b52e-8a2d4c4f0881,insure.wiki,premium,116,116,high,low,6,namesilo,,,
2aedaade-52fa-4cd9-a73b-43bbc59da74f,flashy.wiki,available,2.98,43.98,high,low,6,namecheap,,,18/08/2026 06:33
a898b4f3-0ea9-415d-9c1e-70eefe92ba06,impossibly.wiki,available,2.98,43.98,medium,low,10,namecheap,,,15/09/2026 04:27
5b874fe6-de1d-4936-baff-6ff99537e184,magicians.wiki,available,2.98,43.98,medium,low,9,namecheap,,,20/09/2026 20:54
ec0fdf76-194b-4155-a719-1fc9e702829f,los.wiki,premium,125,,high,low,3,name.com,,,
ca0b7bd5-ba60-4795-8224-7310180a1eee,cancellous.wiki,available,2.98,43.98,medium,low,10,namecheap,,,11/08/2026 16:31
8c1951d5-f754-41aa-b271-7e94cf867842,clonic.wiki,available,2.98,43.98,medium,low,6,namecheap,,,12/08/2026 12:02
15ad6b2e-3068-439e-a273-71949dee3574,accentual.wiki,available,2.98,43.98,medium,low,9,namecheap,,,
251791ef-81cd-46d9-b5df-0b13caf60a80,yeasty.wiki,available,2.98,43.98,medium,low,6,namecheap,,,08/08/2026 19:56
b6898dd1-5c17-4170-b091-f7f2fa2329ec,mathias.wiki,available,1.75,26.08,high,low,7,spaceship,,,28/09/2026 05:17
6b736d38-4167-4ec0-9873-1e894a12c9cd,resting.wiki,available,25.2,25.2,high,low,7,cloudflare,,,28/09/2026 04:49
962f2c99-73fb-442e-ad89-2919930853bc,hefty.wiki,available,2.98,43.98,high,low,5,namecheap,,,11/08/2026 02:48
1ebe9046-d37e-4173-ada1-45153438fc1d,cive.wiki,premium,53.92,53.92,medium,low,4,namesilo,,,18/09/2026 11:31
0b5d5a67-f983-4cba-8106-40a0697793d3,tilted.wiki,available,2.98,43.98,high,low,6,namecheap,,,07/08/2026 13:29
d92f4534-652b-490d-ad1a-d5785e24ba60,specified.wiki,available,2.98,43.98,high,medium,9,namecheap,,,10/09/2026 15:25
4465cedd-b9d1-4acd-bc59-2a4332b47a24,gwen.wiki,premium,51.95,51.95,high,low,4,spaceship,,,27/09/2026 19:20
5e6359a6-c8d2-46d8-8c21-8c024a794c74,coulomb.wiki,available,2.99,32.49,medium,low,7,namesilo,,,18/09/2026 23:08
b4eceb19-35fb-40e0-a8df-a07ee1fe6908,intrepidly.wiki,available,2.98,43.98,medium,low,10,namecheap,,,14/09/2026 10:53
6cea9956-e4a0-49d4-b4f7-10cf9b649fb1,hair.wiki,premium,110,110,high,low,4,dynadot,,,29/09/2026 20:14
ce6036ab-6ca5-4226-9b2f-ab10610a6d89,trillionaire.wiki,available,2.99,,high,low,12,name.com,,,
7fa075cc-ae0c-4273-9170-56a30eca1eb8,borges.wiki,available,1.75,26.08,high,low,6,spaceship,,,29/09/2026 11:45
8c2b3726-0c0a-4c6e-8022-2bca21da98a2,strauss.wiki,available,2.99,32.49,high,low,7,namesilo,,,29/09/2026 13:12
0f1eacc6-7201-4628-a518-2eab6b45d27d,eusebius.wiki,available,25.2,25.2,high,low,8,cloudflare,,,29/09/2026 06:49
149bc8fa-168e-4b6d-8fba-f7b1ec6ed664,steroidal.wiki,available,2.98,43.98,medium,low,9,namecheap,,,10/09/2026 20:19
f0964ee2-1be8-430b-b89d-d4a6c531341b,officials.wiki,available,2.99,32.49,medium,low,9,namesilo,,,17/09/2026 12:28
f147add5-78fe-4b64-9274-c59de068fc3a,rollins.wiki,available,2.99,32.49,high,low,7,namesilo,,,27/09/2026 08:03
e5a8de9c-e9fe-447b-ae55-5bbdd14d60a1,resemblance.wiki,available,2.99,,high,low,11,name.com,,,
484aa396-4e08-492c-93ae-f6c87eea2848,menace.wiki,available,25.2,25.2,high,low,6,cloudflare,,,29/09/2026 01:40
d4b923fa-5a19-4aeb-8b8c-45bad41f5cc2,elena.wiki,available,2.99,32.49,high,low,5,namesilo,,,27/09/2026 03:02
9f9bb73f-8656-403a-9a5e-a358eae4a866,accoutered.wiki,available,2.98,43.98,medium,low,10,namecheap,,,
4b95f413-d5cb-4cdd-b26f-83447edf09d2,giovanni.wiki,available,2.99,32.49,high,low,8,namesilo,,,25/09/2026 14:42
d2c9707c-b777-44a7-a896-b2d669bafaf4,astragalus.wiki,available,2.98,43.98,high,low,10,namecheap,,,19/09/2026 09:45
e7c80e17-d9a0-4973-8d96-3d153e64b70f,organise.wiki,available,2.99,32.49,high,low,8,namesilo,,,23/09/2026 23:21
f48a6dad-8291-4111-abb6-5f316bf29666,luncheon.wiki,available,2.99,32.49,high,low,8,namesilo,,,29/09/2026 13:43
996840ce-8cf4-419a-b885-7b2b226012a7,close.wiki,available,2.99,32.49,high,low,5,namesilo,,,21/09/2026 23:48
78488e28-5952-4fca-b8f4-4c9d095f4b49,gotta.wiki,available,2.06,26.26,high,low,5,porkbun,,,27/09/2026 16:53
48b211ca-3b19-4051-a024-4cb4e2bf00a4,palpatory.wiki,available,2.98,43.98,medium,low,9,namecheap,,,05/09/2026 00:12
34e508dd-6eec-4379-8087-d753e8410250,both.wiki,premium,53.92,53.92,high,low,4,namesilo,,,
7d90cf2d-31e8-4377-a432-87446acc70a8,frankly.wiki,available,2.98,43.98,high,low,7,namecheap,,,14/09/2026 05:08
499c5a0f-3aa5-4b37-974f-bb6fd5bb0971,enraged.wiki,available,2.98,43.98,medium,low,7,namecheap,,,
4046f848-7985-4d45-9331-f6eb741b2378,childless.wiki,available,2.98,43.98,high,low,9,namecheap,,,12/08/2026 05:10
cb7f8b0e-21ee-488c-aab5-ddddd49b2156,artaxerxes.wiki,available,2.99,32.49,medium,low,10,namesilo,,,20/09/2026 10:06
2a46b552-07c4-4dae-a8dd-c3bd678e12a7,pathetic.wiki,available,2.98,43.98,medium,low,8,namecheap,,,20/08/2026 23:50
7d72803f-3c9d-49bc-ae1e-04b9293907d9,aalii.wiki,available,2.99,32.49,medium,low,5,namesilo,,,16/09/2026 13:12
cf8d68b6-b0f9-4aff-8eb9-a50978d455a4,alcibiades.wiki,available,2.98,43.98,medium,low,10,namecheap,,,18/09/2026 04:00
58d55f3b-e135-416d-ae97-110d6799c627,ventral.wiki,available,2.98,43.98,high,low,7,namecheap,,,
5ff21a24-f983-46da-ad48-eb36b5a3d3d2,enormous.wiki,available,2.98,43.98,high,low,8,namecheap,,,17/08/2026 09:42
73ca621c-40e4-4f18-8f17-6fcbd4aa54bc,segal.wiki,available,2.06,26.26,medium,low,5,porkbun,,,28/09/2026 19:20
ad503588-07b9-446f-8e8b-af5ad5b30f1e,waybill.wiki,available,2.99,32.49,high,low,7,namesilo,,,23/09/2026 16:05
fe3ccca8-1d8e-4a89-a1d8-52bdb511c1e3,cosmogenic.wiki,available,2.98,43.98,medium,low,10,namecheap,,,13/08/2026 03:00
a9f3c658-0790-4e90-ae93-28eb7e745316,archery.wiki,premium,302.5,302.5,high,low,7,namesilo,,,20/09/2026 02:00
b5044375-e9ab-45bc-bcf6-5afc73e6907a,babar.wiki,available,2.99,32.49,high,low,5,namesilo,,,21/09/2026 12:14
df4318b5-e1cd-42cc-b596-1690ec580597,amora.wiki,available,2.99,32.49,high,low,5,namesilo,,,18/09/2026 22:38
5d0ba58c-7808-4b06-88a7-679c262ffb42,aggressive.wiki,available,2.99,32.49,high,low,10,namesilo,,,21/09/2026 22:59
b04d52f6-8a04-4226-9b04-faa43d5f85af,tattoo.wiki,premium,130,130,high,low,6,namecheap,,,27/09/2026 05:36
77832cab-dcb2-40c4-a45b-513e94dda490,sabbath.wiki,available,2.98,43.98,high,low,7,namecheap,,,29/09/2026 13:53
cb12f285-af7f-47d0-b547-a545a083c62f,sideburns.wiki,available,2.99,,high,low,9,name.com,,,
6ad702a8-70c1-4938-9372-15f5e8749577,uninviting.wiki,available,2.98,43.98,medium,low,10,namecheap,,,12/09/2026 13:39
2b0ec027-eab3-4416-982b-1a5715b44ebd,hairbrush.wiki,available,2.99,,high,low,10,name.com,,,
d27982bf-3fe2-4e8f-ba19-c761acb88bff,compromised.wiki,available,2.99,32.49,medium,low,11,namesilo,,,28/09/2026 13:03
3612d182-df79-4176-baa6-46d46924ca26,parasitic.wiki,available,2.98,43.98,medium,low,9,namecheap,,,17/08/2026 10:15
716c7089-11c9-4d4f-ab70-eeff05d3bfe5,pierogi.wiki,available,2.98,43.98,high,low,7,namecheap,,,17/09/2026 14:55
78f04de0-b7ca-4219-92a1-d54a0fb46d0a,bacchante.wiki,available,2.99,32.49,medium,low,9,namesilo,,,21/09/2026 13:59
de9e353a-96d3-4b9d-bc53-b529a7fbc8b5,untaxed.wiki,available,2.98,43.98,medium,low,7,namecheap,,,11/09/2026 09:28
81f5a087-8a86-479d-a52d-d6977fc40dba,inmost.wiki,available,2.98,43.98,medium,low,6,namecheap,,,22/08/2026 05:51
057260fd-f17b-4ae2-843e-d217278ffd2b,motherhood.wiki,available,1.75,26.08,high,low,10,spaceship,,,29/09/2026 19:42
47c409fc-d7e3-4471-8581-6e8efeb78a5b,kilobyte.wiki,available,2.99,49.99,high,low,8,godaddy,,,30/09/2026 01:18
d4d8b216-6876-45c3-90d9-662d85ecd644,coast.wiki,resell,,,high,low,5,"Spaceship, Inc.",24/07/2026 14:39,24/07/2027 14:39,29/09/2026 10:10
93423301-f08b-46f8-9a89-ffdafb07173c,prohibition.wiki,available,2.99,32.49,medium,low,11,namesilo,,,29/09/2026 15:19
ecb74415-31d3-4c76-b8d4-6c03b04a0bfb,dashingly.wiki,available,2.98,43.98,medium,low,9,namecheap,,,14/09/2026 10:41
b7e27c00-9650-4df0-945c-70b61a7df8b1,kampala.wiki,premium,116,116,high,low,7,namesilo,,,24/09/2026 12:28
5f4abc56-f99e-478a-a6c1-ab037caaeed4,disloyal.wiki,available,2.98,43.98,medium,low,8,namecheap,,,14/08/2026 11:36
3e0ed273-36fa-4c9d-9fdf-a0a43c64c8b3,prime.wiki,premium,325,325,high,high,5,namecheap,,,24/09/2026 20:23
640e6c37-4df6-4e66-a5b5-0f56145fec95,face.wiki,resell,,,high,low,4,Dynadot Inc,12/02/2026 04:34,12/02/2027 04:34,26/09/2026 05:59
65d71cdb-1c6e-4769-9672-4b3d0d853fc0,protected.wiki,available,2.98,43.98,high,low,9,namecheap,,,27/09/2026 07:42
b828fe59-966c-4c24-9656-9c67031fba6c,wounding.wiki,available,2.98,43.98,medium,low,8,namecheap,,,10/09/2026 17:53
167d2364-57b3-45e8-9ba7-d16d59735d3d,respect.wiki,available,2.98,43.98,high,low,7,namecheap,,,24/09/2026 21:15
4dfcf59b-1d45-4eee-9497-ff04c613955b,phoebus.wiki,available,2.99,32.49,high,low,7,namesilo,,,19/09/2026 18:43
8d171eda-8711-42d1-be9e-400beb8ee88f,cacophonic.wiki,available,2.98,43.98,low,low,10,namecheap,,,11/08/2026 12:33
81251e03-dc02-48e4-867d-d7ad8e742937,oleg.wiki,premium,55,55,high,low,4,dynadot,,,29/09/2026 17:51
8de653f8-458a-40e3-9c55-404b42e7da1a,bph.wiki,premium,116,116,high,low,3,namesilo,,,23/09/2026 08:07
54bd47a5-482b-4ae9-8da2-e944ad2e782d,alchemy.wiki,premium,302.5,302.5,high,medium,7,namesilo,,,18/09/2026 03:59
617e8218-ee19-4e92-9d95-a418f4146b4e,suspense.wiki,available,2.99,,high,low,8,name.com,,,
3d226dcb-5cc9-4a6c-951e-c27dd123f6f0,activities.wiki,available,2.99,32.49,medium,low,10,namesilo,,,27/09/2026 22:27
de1dd8e9-3e76-46fc-a6d5-5a1fd353a42d,howso.wiki,available,2.99,,medium,low,6,name.com,,,
dc14b0fd-2645-45b1-a93e-cb556fedf095,whirr.wiki,available,2.98,43.98,medium,low,5,namecheap,,,13/09/2026 11:31
553eda17-fe14-48e8-9e43-2b119afa8979,sauciness.wiki,available,2.98,43.98,medium,low,9,namecheap,,,20/09/2026 02:25
62e03d15-f96c-428e-828d-a429a6cad6d7,silkily.wiki,available,2.98,43.98,medium,low,7,namecheap,,,16/09/2026 01:51
cc837b65-2c26-4ed7-86ab-22ad967e312e,athene.wiki,available,2.98,43.98,high,low,6,namecheap,,,20/09/2026 20:37
53bb1dcb-5d46-4089-a275-3abf31a42043,anopheles.wiki,available,2.98,43.98,medium,low,9,namecheap,,,19/09/2026 11:39
c3ac465c-0f5c-4619-822f-3bd50be41620,abies.wiki,available,2.99,32.49,high,low,5,namesilo,,,16/09/2026 15:38
e43d5e7e-10f0-46cf-968b-22eea3b3f19d,strife.wiki,available,2.99,32.49,high,low,6,namesilo,,,24/09/2026 22:33
6d09e732-cd65-4d5b-b1c4-27da88b3b5f8,atrocity.wiki,available,2.99,32.49,medium,low,8,namesilo,,,21/09/2026 00:49
bf6b024c-1faa-48a7-ab19-56a6b25764f1,fastest.wiki,available,2.98,43.98,high,low,7,namecheap,,,14/09/2026 17:49
b6da6eec-9b8b-45c8-84f3-1a6ce6007e30,norbert.wiki,available,1.75,26.08,medium,low,7,spaceship,,,28/09/2026 22:05
46fca25c-5208-4d28-b0b5-f72e1ff4fe0a,upfront.wiki,available,2.98,43.98,high,low,7,namecheap,,,12/09/2026 23:09
d23c1df9-8aa2-4fd4-a9c8-2ffbc2621503,felonious.wiki,available,2.98,43.98,medium,low,9,namecheap,,,18/08/2026 00:58
16b7fd4a-d192-4a5a-b786-67d64bcacc30,almoner.wiki,available,2.99,32.49,medium,low,7,namesilo,,,18/09/2026 12:40
0b21b2e5-444e-4f25-9722-9fc94c73b3e5,ugandan.wiki,available,2.98,43.98,high,low,7,namecheap,,,11/09/2026 22:40
c1a66c9b-47f5-4df0-9431-f2e201baa44d,secretaries.wiki,available,2.99,32.49,medium,low,11,namesilo,,,30/09/2026 00:46
8bf63bb5-5eeb-4acd-a273-2cc60117908a,ottoman.wiki,available,2.98,43.98,high,low,7,namecheap,,,04/09/2026 18:38
5829ddb4-acfe-477a-be1f-87cd92a02b57,detected.wiki,available,2.98,43.98,high,low,8,namecheap,,,24/09/2026 07:30
dd497f5b-ac7c-4b81-b70d-017ad4ed4b79,manufacturer.wiki,available,1.75,26.08,medium,low,12,spaceship,,,28/09/2026 20:59
e44b5a6d-1861-4efd-8c74-06c2e58f4088,baste.wiki,available,2.99,32.49,medium,low,5,namesilo,,,22/09/2026 12:43
24902c37-915d-4d04-9921-f04e36ecfab6,urethral.wiki,available,2.98,43.98,medium,low,8,namecheap,,,12/09/2026 23:35
45df1028-3a1c-4e47-b5da-875612b2d572,gabble.wiki,available,2.99,32.49,medium,low,6,namesilo,,,23/09/2026 23:37
eb98b636-aacf-4fa2-818e-07f7279c1c4c,bagel.wiki,available,2.06,26.26,high,low,5,porkbun,,,29/09/2026 00:27
37df72ee-41f3-4dc0-9977-1c6e30e88865,couples.wiki,available,2.98,43.98,medium,low,7,namecheap,,,
77fd1673-5d5b-4b57-b2a2-fdf26e57a05f,barnburner.wiki,available,2.98,43.98,medium,low,10,namecheap,,,22/09/2026 06:49
964235fa-5963-43ae-8fe3-72f459356308,monoclonal.wiki,available,2.99,32.49,high,low,10,namesilo,,,19/09/2026 05:27
dd7696ee-edc2-41ee-94a1-db775bbe8bd1,fitter.wiki,available,2.98,43.98,high,low,6,namecheap,,,18/08/2026 05:48
22b274ff-548b-4592-bc86-09a03409e8da,guggenheim.wiki,available,2.99,32.49,high,low,10,namesilo,,,27/09/2026 04:18
be1e9b22-6430-4873-896e-80fa0de5dda7,endwise.wiki,available,2.98,43.98,medium,low,7,namecheap,,,14/09/2026 15:37
e22d24d1-693a-492d-bf48-287ed74086d1,wistful.wiki,available,2.98,43.98,high,low,7,namecheap,,,13/09/2026 12:45
03e6698b-c08f-47dd-b1fa-056f31b36639,staying.wiki,premium,53.92,53.92,high,low,7,namesilo,,,25/09/2026 12:05
98d0062f-4111-4425-b719-126b5dba7233,finances.wiki,available,2.99,32.49,high,low,8,namesilo,,,29/09/2026 00:22
33d43651-65c4-42b5-8759-3e182cfed838,shirty.wiki,available,2.98,43.98,high,medium,6,namecheap,,,10/09/2026 06:37
a9519cfc-d7d0-40ba-847a-ed417d70cc17,remains.wiki,available,2.99,32.49,medium,low,7,namesilo,,,27/09/2026 03:27
3d3f0ec8-4b1a-4090-b748-a02f953a0cab,crochet.wiki,premium,116,116,high,low,7,namesilo,,,24/09/2026 19:40
f8f8d282-d388-470d-b76f-f0ddd0a1bcd5,nescience.wiki,available,2.98,43.98,high,low,9,namecheap,,,12/09/2026 14:26
d473d109-9858-4cdc-9c85-7229224a4239,chop.wiki,premium,51.95,51.95,high,low,4,spaceship,,,29/09/2026 08:58
491288b1-a734-401a-92b5-92349498e5b6,spicy.wiki,available,2.99,32.49,high,low,5,namesilo,,,24/09/2026 22:14
0bd6c858-ed29-41f3-a0f2-d859042fae7a,atkinson.wiki,available,2.98,43.98,high,low,8,namecheap,,,25/09/2026 17:41
ca07f8fc-c454-471a-bf53-bce023be5efb,messaging.wiki,available,2.06,26.26,high,low,9,porkbun,,,29/09/2026 06:22
1becc568-cfa1-4a21-9bf4-e20698f6b9a9,hem.wiki,premium,130,130,high,low,3,namecheap,,,17/09/2026 20:18
da424740-9765-477e-84d1-2df0383e5c32,disrepute.wiki,available,2.98,43.98,medium,low,9,namecheap,,,24/09/2026 22:34
c19d0b3c-8727-4c5e-9fe4-ca402f4b6b46,kurrat.wiki,available,2.98,43.98,medium,low,6,namecheap,,,18/09/2026 11:14
b717728e-f577-417e-a260-9dfad7aea37c,smoky.wiki,available,2.98,43.98,medium,low,5,namecheap,,,10/09/2026 11:59
6d34badc-0d55-4992-8473-c6e5f80924d0,trusty.wiki,available,2.98,43.98,high,low,6,namecheap,,,11/09/2026 20:49
4885655a-59de-4d2d-9432-f2e9ffa42e8b,heatable.wiki,available,2.98,43.98,medium,low,8,namecheap,,,21/08/2026 02:15
d116593e-6a35-4d4e-8fea-b3545a44904e,chemotherapy.wiki,available,1.75,26.08,medium,low,12,spaceship,,,29/09/2026 16:06
6fbe701b-6948-4f51-ae80-af868b839088,welds.wiki,available,2.99,32.49,medium,low,5,namesilo,,,20/09/2026 14:08
8f2175c4-b407-4103-816a-489b50f17903,federal.wiki,available,2.99,32.49,high,low,7,namesilo,,,24/09/2026 17:28
c6c1708f-1065-4b9f-a697-1ca402b565c0,obviously.wiki,available,2.98,43.98,high,low,9,namecheap,,,27/09/2026 03:52
705fdf35-576b-4940-911b-75ef51a76cc1,tramway.wiki,available,2.99,32.49,high,low,7,namesilo,,,17/09/2026 12:48
58448e76-ece8-4a05-b81c-c238a1aa979e,rubbishy.wiki,available,2.98,43.98,high,medium,8,namecheap,,,09/09/2026 19:16
ceca43e2-b450-4e16-8a73-c529181db613,enjoys.wiki,available,2.99,32.49,medium,low,6,namesilo,,,28/09/2026 23:12
c6ad7f07-b397-4fc2-afd3-ef80c996f250,confined.wiki,available,2.98,43.98,medium,low,8,namecheap,,,11/08/2026 18:20
2cc87697-1bbf-4001-9ff1-74c74b771ca2,receivable.wiki,available,2.98,43.98,high,low,10,namecheap,,,09/09/2026 11:20
7dea3f48-f921-4911-88fb-fe54adad63cc,gland.wiki,available,2.99,32.49,medium,low,5,namesilo,,,29/09/2026 07:05
1c7c902d-9b6e-46e0-bfb1-14fd7f4759f8,negative.wiki,available,2.99,32.49,high,low,8,namesilo,,,24/09/2026 11:09
ce369496-ea7a-4a5f-b0b4-3418c6fd2f5b,oscar.wiki,premium,130,130,high,high,5,namecheap,,,16/09/2026 20:26
d857fbab-1fb7-4e9b-b0d2-72ede6483337,cemetery.wiki,available,2.99,32.49,high,low,8,namesilo,,,27/09/2026 12:06
4ad1e181-04df-4260-aeab-c3728f41d7f1,banqueting.wiki,available,2.98,43.98,high,low,10,namecheap,,,22/09/2026 03:08
032b8d49-6505-4758-97ea-84ef2c61d3f0,funicular.wiki,available,2.98,43.98,medium,low,9,namecheap,,,18/08/2026 18:41
247dbcda-ee26-43be-8b71-af2be0f7c796,eisenhower.wiki,available,25.2,25.2,medium,low,10,cloudflare,,,28/09/2026 19:01
26a628f4-88c4-4948-a940-6604dcc64146,biophysics.wiki,available,2.98,43.98,high,low,10,namecheap,,,23/09/2026 18:50
2e0cb7ad-9254-4f79-8b86-6bf9608b31ad,lego.wiki,premium,672.95,672.95,high,high,4,spaceship,,,30/09/2026 02:46
ac51056b-438e-4a92-8468-a99585cc668d,laureate.wiki,available,2.98,43.98,high,low,8,namecheap,,,22/08/2026 20:57
fe508aa6-da9f-4199-9ba1-f9ef822383c3,hindu.wiki,premium,422.5,845,high,low,5,namecheap,,,21/08/2026 09:30
a867557c-2496-4ee5-94fd-9d85890a9cec,shampoo.wiki,available,1.75,26.08,high,low,7,spaceship,,,30/09/2026 02:51
770e157d-15b9-47ec-9798-dbf2fd78f38e,translator.wiki,available,1.75,26.08,high,low,10,spaceship,,,28/09/2026 19:30
3c4b5eb7-988e-489e-ad43-301d10f6d732,carsick.wiki,available,2.98,43.98,medium,low,7,namecheap,,,
bc13ef94-beca-428c-808f-2278ce6ba45b,nailed.wiki,available,2.99,32.49,medium,low,6,namesilo,,,18/09/2026 21:49
7e0a751e-3a0d-482e-b2f6-6b02e9ad3ccc,induction.wiki,available,2,26.97,high,low,9,dynadot,,,29/09/2026 12:10
885afef2-8497-4d53-8554-bb78e4ca8146,diagnosis.wiki,available,2.99,32.49,high,low,9,namesilo,,,24/09/2026 22:08
b3dbada4-bd4a-47a0-bfc1-9bfd3d8989ad,corrective.wiki,available,2.99,32.49,high,low,10,namesilo,,,23/09/2026 23:46
f232f3ce-d703-49d7-a931-446495ff21a6,stockton.wiki,available,2.99,32.49,high,low,8,namesilo,,,25/09/2026 06:10
42678cb6-e0b9-4119-92e7-45c7a3101d05,sprawling.wiki,available,2.98,43.98,high,medium,9,namecheap,,,09/09/2026 10:02
078b6d22-ec5d-4723-bd70-35319af22c0b,blaring.wiki,available,2.98,43.98,medium,low,7,namecheap,,,10/08/2026 13:08
f0230e67-2225-4f79-acd7-702f68fd5f3b,violated.wiki,available,2.99,32.49,medium,low,8,namesilo,,,27/09/2026 07:04
f4c34d31-fa5a-4d0d-b609-cbd928e42818,hillary.wiki,available,2.99,32.49,high,low,7,namesilo,,,27/09/2026 03:48
f8583ba5-7cfe-4573-8edf-9de7ec6aa803,grants.wiki,premium,258.95,258.95,high,low,6,spaceship,,,29/09/2026 09:56
2f999c75-9aa6-4434-ab16-c12ae23911cf,stuffy.wiki,available,2.98,43.98,high,low,6,namecheap,,,
b08056e2-07f5-4aef-8527-3fc358d7e11e,budget.wiki,available,2.99,32.49,high,low,6,namesilo,,,29/09/2026 05:05
f4a8ca8b-32d8-4cc4-b7da-37289375776a,perth.wiki,premium,130,130,high,low,5,namecheap,,,26/09/2026 00:00
8ec14710-df07-479b-b6b7-d3183e7233c9,skilled.wiki,available,1.75,26.08,high,low,7,spaceship,,,27/09/2026 22:20
526cb00d-c60d-4bbd-84fc-55004f783b99,cadastral.wiki,available,2.98,43.98,medium,low,9,namecheap,,,11/08/2026 12:39
e4daf4f0-5e6c-4a7a-8f93-98295b1e8dc2,filetype.wiki,available,2.99,32.49,high,low,9,namesilo,,,
79286280-f54a-4c93-997a-8403291b39ac,antebellum.wiki,available,2.98,43.98,medium,low,10,namecheap,,,
29108068-cc44-4332-ba3b-950a9e35ca21,stretchy.wiki,available,2.98,43.98,high,low,8,namecheap,,,10/09/2026 22:32
db6be8ea-ac24-45f0-8a65-6069b1f71c60,sequel.wiki,available,2.99,,high,low,6,name.com,,,
3e4c3044-0dc3-45fd-bb95-dc7ea10cac92,dunedin.wiki,available,1.75,26.08,medium,low,7,spaceship,,,29/09/2026 03:53
cf83189b-7911-413f-8505-0350aa903369,whorled.wiki,available,2.98,43.98,medium,low,7,namecheap,,,12/08/2026 16:18
c0119d98-6fe7-49e2-83ab-cf0c81b59d77,ergotic.wiki,available,2.98,43.98,medium,low,7,namecheap,,,17/08/2026 12:13
12371f9a-5d27-4e43-bdb1-510a7a2dec64,golf.wiki,premium,1446.97,1446.97,high,medium,4,porkbun,,,29/09/2026 20:59
357d790d-ab81-4043-9b49-81406daaf614,ovens.wiki,available,2.99,32.49,medium,low,5,namesilo,,,20/09/2026 10:00
22220866-3b34-491e-9da2-988fb97cdaf8,structural.wiki,available,2.99,32.49,high,low,10,namesilo,,,19/09/2026 17:09
f5d3919f-8d23-4141-9497-b70f6ba93f05,fixedly.wiki,available,2.98,43.98,medium,low,7,namecheap,,,14/09/2026 18:44
974a18c3-cf6b-410e-a7c0-0790f3bdc130,provisory.wiki,available,2.98,43.98,medium,low,9,namecheap,,,09/09/2026 04:36
05d54b12-d94c-4171-a750-8359a7c806b2,errand.wiki,available,2.99,49.99,high,low,6,godaddy,,,30/09/2026 01:33
fa09e165-2331-4366-ba0d-a54c44e7f740,solomonic.wiki,available,2.98,43.98,medium,low,9,namecheap,,,10/09/2026 13:43
4ec5ca3b-c79e-4fd4-bd6e-1ea90c5078aa,downstream.wiki,available,2.98,43.98,high,low,10,namecheap,,,14/08/2026 17:59
d3beab03-d07f-466a-a104-d98b2e92b3ee,luanda.wiki,premium,116,116,medium,low,6,namesilo,,,19/09/2026 06:58
7cf03d5c-e931-499c-8a3b-889dd46142bc,wound.wiki,available,2.98,43.98,high,low,5,namecheap,,,28/09/2026 11:06
e88427d0-b9bd-4dce-9527-c64b863c00a3,achilles.wiki,available,2.98,43.98,high,low,8,namecheap,,,17/09/2026 00:40
1a14d5b3-4f95-4488-a57f-987031d31744,cagy.wiki,premium,32.5,65,medium,low,4,namecheap,,,11/08/2026 13:21
0fc089b7-2121-490d-a3d1-a9b1350c5a94,gale.wiki,premium,51.95,51.95,high,low,4,spaceship,,,29/09/2026 07:02
86730121-cd4b-4695-ba28-2b7818f2e1d6,retentive.wiki,available,2.98,43.98,high,low,9,namecheap,,,09/09/2026 11:47
2970f87e-0a17-403d-9362-2f7caa11e130,timorous.wiki,available,2.98,43.98,medium,low,8,namecheap,,,11/09/2026 16:05
c6ffb37c-4ea6-40e1-b5fe-d99430cb3025,dishonor.wiki,available,1.75,26.08,high,low,8,spaceship,,,29/09/2026 15:45
01889fa4-b7ce-4d6c-8120-b340a7ae126d,latin.wiki,premium,162.5,325,high,low,5,namecheap,,,22/08/2026 20:39
d6ce8ceb-ffc6-4281-92f8-5ad702983f57,araguaia.wiki,available,2.99,32.49,medium,low,8,namesilo,,,19/09/2026 23:45
15e541e5-ccaf-4f2f-9e8f-2c3daedc2640,tennis.wiki,premium,832,832,high,low,6,namesilo,,,30/09/2026 02:23
7e0ab130-e441-403e-a0fe-11c3260f464e,penalties.wiki,available,2.99,,high,low,9,name.com,,,
66feb0e7-71c7-4783-9de0-b1cc3c88cd19,myth.wiki,premium,103.7,103.7,high,low,4,spaceship,,,28/09/2026 02:27
aa53bfd7-ed6f-4a73-adbe-4164eb0ac887,cakes.wiki,available,1.75,26.08,medium,low,5,spaceship,,,28/09/2026 13:16
2ba44ca5-21da-4603-807c-a10e85f0a922,iridescent.wiki,available,2.98,43.98,high,low,10,namecheap,,,12/08/2026 03:15
050a0731-316e-4d74-93e0-7fa80ac671da,associated.wiki,available,2.99,32.49,medium,low,10,namesilo,,,28/09/2026 08:17
c6009334-c8b3-4346-b3d1-f10efecd4711,playhouse.wiki,available,1.75,26.08,high,low,9,spaceship,,,29/09/2026 02:35
35c2f115-e170-4fdb-aadf-655218ae7cd8,diachronic.wiki,available,2.98,43.98,medium,low,10,namecheap,,,14/08/2026 05:38
d0d0e001-7a51-4b56-aa7d-a958289a1347,breathed.wiki,available,2.98,43.98,medium,low,8,namecheap,,,11/08/2026 03:16
e0aaf30f-172f-4d1f-a74b-dabf82f19e32,popularity.wiki,available,2.99,32.49,high,low,10,namesilo,,,28/09/2026 10:44
eb019c6f-6171-4e4b-885a-b94a90f61faa,hear.wiki,available,2.99,,high,low,4,name.com,,,
c863a7cc-559f-4735-99b4-a6e8347982e0,actinism.wiki,available,2.98,43.98,medium,low,8,namecheap,,,17/09/2026 04:50
fdb0a485-e7bf-4942-977d-a671ef319eb5,hemisphere.wiki,available,2.98,43.98,high,low,10,namecheap,,,29/09/2026 06:17
a641d20b-e0af-4bc0-b53c-4274272b7620,unstudied.wiki,available,2.98,43.98,medium,low,9,namecheap,,,12/09/2026 06:07
ec86df43-9623-42ff-9af7-d1c74d7681f7,bagger.wiki,available,2.98,43.98,medium,low,6,namecheap,,,21/09/2026 18:02
22d187b5-1d9c-4177-894d-52f4eaa4efb6,baobab.wiki,resell,,,medium,low,6,"GoDaddy.com, LLC",30/06/2026 03:00,30/06/2027 03:00,26/09/2026 04:15
fafee29d-9342-4163-a314-efcde2f9b491,bouffant.wiki,available,2.98,43.98,high,low,8,namecheap,,,10/08/2026 21:32
fe9c491a-a3ac-4443-a54d-522f00bc51a8,bern.wiki,premium,116,116,high,low,4,namesilo,,,29/09/2026 02:12
5f59fb0d-d50d-4967-a79f-08cea5028677,others.wiki,available,2.99,32.49,high,low,6,namesilo,,,25/09/2026 16:48
f5ccfea0-5c9a-4dcf-8187-708ebfa024fc,pulpy.wiki,available,2.98,43.98,high,medium,5,namecheap,,,09/09/2026 05:57
0c0652e7-1d00-4fc9-a5bb-246c9e434895,humanistic.wiki,available,2.98,43.98,high,low,10,namecheap,,,21/08/2026 14:53
e8fc78ff-1972-4711-8fc4-1cd03e375512,referees.wiki,available,2.99,32.49,medium,low,8,namesilo,,,20/09/2026 11:54
3d1a3119-691b-4938-83b9-018e130b9ec3,capricious.wiki,available,2.98,43.98,medium,low,10,namecheap,,,11/08/2026 18:04
47dae7af-6e8e-4203-8b8f-69286d54e20e,terrorism.wiki,available,2.99,32.49,medium,low,9,namesilo,,,17/09/2026 04:10
59132a63-35df-4421-8a18-088dc98e962d,anglerfish.wiki,available,2.99,32.49,medium,low,10,namesilo,,,18/09/2026 11:41
ae2a2e86-d2dd-446e-aca4-d3a0b12bb405,governing.wiki,available,2.98,43.98,high,low,9,namecheap,,,20/08/2026 17:20
959f160d-2677-4775-8b61-f1d9519baac5,daedalus.wiki,available,2.99,65.99,high,low,8,name.com,,,13/08/2026 15:32
71ee5231-6130-4e5b-91ac-b4e975a0d700,attractor.wiki,available,2.99,32.49,high,low,9,namesilo,,,21/09/2026 02:12
53c4cf6f-3cf5-479d-9cf9-d9ee8af0991d,yule.wiki,premium,53.92,53.92,high,low,4,namesilo,,,24/09/2026 14:52
ae4cea23-e0b5-436a-84a4-e011ba325b4e,althea.wiki,available,2.99,32.49,medium,low,6,namesilo,,,18/09/2026 14:54
36e85ef6-f28e-4d52-974e-809a92ffe118,chest.wiki,available,2.99,32.49,high,low,5,namesilo,,,24/09/2026 10:14
3c35eaa5-5074-43e8-89a7-e2483b2588e6,karpov.wiki,available,2.99,32.49,high,low,6,namesilo,,,19/09/2026 03:27
eda4a678-723b-485f-9820-1277feea3464,gauche.wiki,available,2.98,43.98,medium,low,6,namecheap,,,18/08/2026 20:41
c6307546-7001-43af-822e-7af5225a2973,reversive.wiki,available,2.98,43.98,medium,low,9,namecheap,,,09/09/2026 16:11
3f2050fc-7aa9-4db5-aef3-2cc28f8ab1f3,dime.wiki,premium,53.92,53.92,high,low,4,namesilo,,,29/09/2026 14:59
5be421f7-dfbe-4d4d-824f-173c91688a44,stuart.wiki,available,2.99,32.49,high,low,6,namesilo,,,25/09/2026 22:59
8c89cc8b-e60b-45d7-8e82-22dd2517f11a,sponsors.wiki,available,2.98,43.98,high,low,8,namecheap,,,29/09/2026 11:40
2fab6656-69cf-4404-ac0a-4159d7be3e48,intercede.wiki,available,2.98,43.98,high,low,9,namecheap,,,22/08/2026 08:12
cb6972c3-47fc-4098-9ea7-ca52e4172337,improver.wiki,available,2.98,43.98,high,low,8,namecheap,,,21/08/2026 14:58
a489c5e8-46c6-4727-9db8-fd011b097518,enclothe.wiki,available,2.98,43.98,medium,low,8,namecheap,,,19/09/2026 19:54
69033287-dff0-4cea-aa6a-63a41a0be506,plz.wiki,premium,116,116,high,low,3,namesilo,,,
fa3db301-4047-4029-a046-32b7b1ef265b,anura.wiki,available,2.99,32.49,medium,low,5,namesilo,,,19/09/2026 15:53
7b426b10-9526-4227-813a-33d4dd6e92cd,nacreous.wiki,available,2.98,43.98,medium,low,8,namecheap,,,03/09/2026 12:37
ea50f70c-8539-48a3-a796-237f26a4f4f0,appetence.wiki,available,2.98,43.98,medium,low,9,namecheap,,,19/09/2026 20:44
c53b3599-ca47-4c37-aaab-76cf05275fcc,attlee.wiki,available,2.99,32.49,medium,low,6,namesilo,,,16/09/2026 12:16
0aa2c62e-cea2-460e-9c53-8624cb5399d5,stickup.wiki,available,2.99,32.49,medium,low,7,namesilo,,,20/09/2026 06:38
7b1dbf52-94da-4997-b042-6cdf32d13392,iberia.wiki,available,25.2,25.2,medium,low,6,cloudflare,,,28/09/2026 14:29
028aff19-9653-4abc-8e95-2df370617b14,arpent.wiki,available,2.99,32.49,medium,low,6,namesilo,,,20/09/2026 08:38
a33678f7-6c48-489a-8019-2c4cbf23d94b,drenched.wiki,available,2.98,43.98,high,low,8,namecheap,,,14/08/2026 18:51
30aa89c6-2b0d-4558-832b-f3e0e2cb054d,wheeled.wiki,available,2.98,43.98,high,low,7,namecheap,,,13/09/2026 11:20
f0b22c3b-596e-49aa-9202-1e65deb3af53,architectural.wiki,available,1.75,26.08,medium,low,13,spaceship,,,29/09/2026 08:50
72bfea07-af0a-47eb-b091-58023250d1df,exon.wiki,premium,53.92,53.92,high,low,4,namesilo,,,30/09/2026 01:04
96acfdf0-5412-436c-9d47-6e36a95d2bb6,stahl.wiki,available,1.75,26.08,high,low,5,spaceship,,,29/09/2026 11:00
47f6ea01-516c-488f-925c-be0908977f4b,arco.wiki,premium,32.5,65,high,low,4,namecheap,,,06/08/2026 16:02
d7124ffc-9a7f-44e6-85af-f44646e97365,nestorian.wiki,available,2.98,43.98,high,low,9,namecheap,,,03/09/2026 15:50
e1d024c0-c3ce-44b9-8658-f48c4e9b5f5c,angus.wiki,available,2.98,43.98,high,low,5,namecheap,,,16/09/2026 15:11
81355b69-d281-4746-81c5-ef4cdc423aef,arles.wiki,available,2.99,32.49,medium,low,5,namesilo,,,20/09/2026 06:15
580b2e08-5818-455a-a06a-dc57c5fc134c,mixable.wiki,available,2.98,43.98,medium,low,7,namecheap,,,25/08/2026 01:25
b08045da-f570-4e85-854e-f97657b43d65,accessary.wiki,available,2.98,43.98,medium,low,9,namecheap,,,
cba71c6e-59eb-438e-8440-742139e9c819,laminal.wiki,available,2.98,43.98,medium,low,7,namecheap,,,22/08/2026 19:09
1085b7dd-5e44-4a0f-9b64-1c68b776c4da,lighting.wiki,premium,116,116,high,low,8,namesilo,,,27/09/2026 14:44
967e94ec-bfff-4c74-992c-aefce276866e,diminishing.wiki,available,2.99,,high,low,11,name.com,,,
4fcdaaee-72f4-4265-a73c-7aa18d205ba4,morgue.wiki,available,2.98,43.98,medium,low,6,namecheap,,,25/08/2026 06:42
4645be8f-304f-4192-b4d3-61a9d62ef428,bathhouse.wiki,available,2.99,32.49,high,low,9,namesilo,,,22/09/2026 13:35
22aa25f9-1d87-4580-8914-603c01cd73da,laugher.wiki,available,2.98,43.98,high,low,7,namecheap,,,09/09/2026 19:28
305b85fd-1412-4797-b368-1614a6c5a06f,concession.wiki,available,2.99,32.49,high,low,10,namesilo,,,24/09/2026 17:04
be21e83c-7dbf-4432-b7a6-baac37a24719,reception.wiki,available,2.99,,high,low,9,name.com,,,
6d83ef26-9a35-42c9-b343-9a1dd0e07eaa,frances.wiki,available,2.99,32.49,high,low,7,namesilo,,,28/09/2026 11:53
3c419601-df5f-4078-a16c-e31b3b0a5a67,piffling.wiki,available,2.98,43.98,low,low,8,namecheap,,,18/08/2026 03:35
90429183-ccf2-439c-a3c8-66a3a19e059d,spiraling.wiki,available,2.98,43.98,medium,low,9,namecheap,,,12/08/2026 16:12
702f36c3-6a13-4ba4-941a-5cb2fe42536a,readably.wiki,available,2.98,43.98,medium,low,8,namecheap,,,14/09/2026 11:08
4cce69f3-1c59-4e30-a467-4d35fc16f1f3,deadening.wiki,available,2.98,43.98,medium,low,9,namecheap,,,10/08/2026 19:57
844e2276-2559-4a8f-8a60-8dd61d0575e6,hoard.wiki,available,2.98,43.98,medium,low,5,namecheap,,,12/08/2026 16:57
d66f9937-32a7-4e8e-b893-3a322cb0a7f6,follicular.wiki,available,2.98,43.98,medium,low,10,namecheap,,,18/08/2026 10:20
b9bffd50-cb91-43d8-aa60-f91f1746621b,precordial.wiki,available,2.98,43.98,high,medium,10,namecheap,,,09/09/2026 01:19
e8a01240-c573-4fcf-bdd2-ee62ca27a0e6,ancona.wiki,available,25.2,25.2,high,low,6,cloudflare,,,30/09/2026 03:22
9063f857-223f-4707-895c-5acab1ddab3d,solve.wiki,available,2.99,,high,low,5,name.com,,,
46e033f0-ecac-40b5-be13-240cc81b023a,debar.wiki,available,2.99,65.99,medium,low,5,name.com,,,22/09/2026 03:43
8e8a8481-ca90-4f8a-8500-abce263b9f60,distract.wiki,available,2.98,43.98,high,low,8,namecheap,,,29/09/2026 16:05
611cadee-8a77-407c-8039-197bdb360e70,azygous.wiki,available,2.98,43.98,medium,low,7,namecheap,,,08/08/2026 03:27
735c4964-4e28-474d-928f-1a2972ce453b,attachable.wiki,available,2.98,43.98,medium,low,10,namecheap,,,07/08/2026 15:36
78b12581-a93b-4848-8ff9-5ce02aa50b31,managerial.wiki,available,2.98,43.98,high,low,10,namecheap,,,24/08/2026 14:32
4f5b2c53-f658-4285-877c-6e433fe70f0e,outfits.wiki,available,25.2,25.2,medium,low,7,cloudflare,,,28/09/2026 23:41
2599460e-be95-4d99-9575-646474cac322,gestapo.wiki,available,2.99,32.49,medium,low,7,namesilo,,,29/09/2026 12:44
39ef2337-c881-4ba5-838a-105e115bb161,corsair.wiki,available,2.98,43.98,high,low,7,namecheap,,,22/09/2026 04:33
f7d374f9-1843-4f37-9ea0-d15228b4f352,sbs.wiki,resell,,,high,low,3,,,,29/09/2026 03:45
c385bb82-763f-4bcf-9ded-49489bb756d3,continues.wiki,available,2.99,32.49,medium,low,9,namesilo,,,17/09/2026 13:29
8d497026-2f31-451e-85d3-c06a200b4d57,kerr.wiki,premium,65,65,high,low,4,namecheap,,,25/09/2026 19:26
d473e066-9a82-45e1-be47-87ee0a19d1a4,emeer.wiki,available,2.98,43.98,medium,low,5,namecheap,,,18/09/2026 18:00
c98729cf-41a4-4b2c-b43c-772a2356f569,illinois.wiki,premium,65,130,high,low,8,namecheap,,,21/08/2026 18:40
230a02e8-612f-4a04-8d8c-b6d03f10037a,invitation.wiki,available,25.2,25.2,high,low,10,cloudflare,,,30/09/2026 00:21
b78d35c6-6062-4aef-8c13-ef063e517a3d,ionian.wiki,available,2.98,43.98,high,low,6,namecheap,,,22/08/2026 09:28
ed3960a8-3d25-4567-9e01-0587063afa30,unknowing.wiki,available,2.98,43.98,high,low,9,namecheap,,,12/09/2026 14:22
ba246b94-3705-4643-9b0e-37d039b91cf7,eps.wiki,available,2,26.97,high,low,3,dynadot,,,27/09/2026 19:02
fd1dde07-f130-4fa3-a2e5-448893bc67af,capitalism.wiki,available,2.99,32.49,high,low,10,namesilo,,,29/09/2026 07:23
14dc4d60-9d5d-4379-ab7b-96851bf44409,noyes.wiki,available,2.99,32.49,high,low,5,namesilo,,,18/09/2026 06:42
45493c91-4320-4c12-a309-4a701a7bfb7d,calf.wiki,premium,53.92,53.92,high,low,4,namesilo,,,29/09/2026 05:52
da0c1929-b154-441b-adf8-73818d69b2bb,cordelia.wiki,available,2.99,32.49,high,low,8,namesilo,,,29/09/2026 22:19
d739d947-cc16-451b-95cb-f3656d1ad6ac,nano.wiki,premium,275,275,high,medium,4,dynadot,,,29/09/2026 23:17
818289d8-bd25-4e56-8ea9-e94d7a0d26f3,glance.wiki,available,2.98,43.98,high,low,6,namecheap,,,29/09/2026 11:47
f8e78164-2aa7-4c69-84e2-a5938ef5d65b,chordal.wiki,available,2.98,43.98,medium,low,7,namecheap,,,12/08/2026 07:06
15306bc5-2b57-4086-8412-d434ee04a8b4,tutorial.wiki,premium,130,130,high,low,8,namecheap,,,11/09/2026 21:31
56eea997-9d79-46bc-bba8-04a51b2549f5,fiedler.wiki,available,2.98,43.98,high,low,7,namecheap,,,20/09/2026 10:50
a7c11c4d-b4e3-4e29-b002-f9d63cc7531d,indecorous.wiki,available,2.98,43.98,medium,low,10,namecheap,,,22/08/2026 02:18
5cfe58f2-2215-46fb-8c2d-ba69d6bfa1f9,grub.wiki,premium,32.5,65,high,low,4,namecheap,,,11/08/2026 09:30
7476160c-6cc5-40ba-9ab3-e47c378c403a,pleural.wiki,available,2.98,43.98,medium,low,7,namecheap,,,08/09/2026 21:15
23ca1162-5a36-41b3-a007-3f7f91171e50,nipponese.wiki,available,2.98,43.98,medium,low,9,namecheap,,,22/08/2026 12:24
9c0078f2-8b35-4337-b959-415dc1babf23,astaire.wiki,available,2.99,32.49,medium,low,7,namesilo,,,20/09/2026 16:54
1ee5e83a-13e2-4bf4-927b-cbd4ae463a23,hence.wiki,available,2.98,43.98,medium,low,5,namecheap,,,28/09/2026 15:09
647fe71f-89e9-4e92-acbe-c8e716ac4500,adipose.wiki,available,2.98,43.98,medium,low,7,namecheap,,,
c398a375-b05f-41aa-909c-d951ace7aa6e,bohemian.wiki,available,2.98,43.98,high,low,8,namecheap,,,10/08/2026 17:19
86cadfe2-c319-4002-9a23-9b36e5c6c5cd,stronghold.wiki,available,1.75,26.08,high,low,10,spaceship,,,29/09/2026 14:00
982b21a1-0a4c-40dc-b544-2c6f68a49a1d,felicitous.wiki,available,2.98,43.98,medium,low,10,namecheap,,,18/08/2026 00:51
655eb543-67b6-4232-914e-f604216c1565,convivial.wiki,available,2.98,43.98,high,low,9,namecheap,,,12/08/2026 23:53
c1ced3c8-6f5d-48c8-9916-be9c2e161143,sheppard.wiki,available,2.99,32.49,high,low,8,namesilo,,,27/09/2026 08:04
38d98c2d-b129-41a8-9e5b-903de2d6aa1e,inhuman.wiki,available,2.98,43.98,medium,low,7,namecheap,,,12/08/2026 16:25
bf83874e-bd4e-4bcc-a14c-803007c6a0cc,wolves.wiki,available,25.2,25.2,high,low,6,cloudflare,,,28/09/2026 04:21
db7cae55-4d73-4fc0-869b-67d62561e0a8,factitious.wiki,available,2.98,43.98,medium,low,10,namecheap,,,17/08/2026 20:27
70402cb8-b2e7-4b97-b05a-24e4baa2cd60,nilsson.wiki,available,1.75,26.08,high,low,7,spaceship,,,29/09/2026 00:16
9344a438-7a45-494b-aaa6-d51957a0e801,arsonist.wiki,available,2.98,43.98,medium,low,8,namecheap,,,22/08/2026 00:55
6cb3075e-08ef-45de-90d8-a34a36c6b3ff,rory.wiki,available,25.2,25.2,high,low,4,cloudflare,,,28/09/2026 03:38
2d5f823d-7cff-4cf0-b5c7-745c1000f289,ceaseless.wiki,available,2.98,43.98,medium,low,9,namecheap,,,11/08/2026 23:01
bb0e6fba-6ae3-4ca0-a2ef-5cd756ae500b,inhale.wiki,available,2.99,,high,low,6,name.com,,,
1e839308-7853-4c9f-8454-c1258b542cd1,indocile.wiki,available,2.98,43.98,medium,low,8,namecheap,,,22/08/2026 03:18
89e2e823-0924-4aaf-b1c4-14e9075df32a,songful.wiki,available,2.98,43.98,medium,low,7,namecheap,,,11/08/2026 17:36
0d396369-bb75-4a80-9a65-055183c8ad1e,miami.wiki,premium,832,832,high,medium,5,namesilo,,,25/09/2026 09:20
455e81a1-a886-441b-a834-b8da6a8f0f8f,mercenary.wiki,available,2.98,43.98,high,low,9,namecheap,,,24/08/2026 17:14
c4a1ada2-2d1d-4fdc-a5c3-e7e9a7489abe,replacements.wiki,available,1.75,26.08,medium,low,12,spaceship,,,29/09/2026 17:20
af23e973-c32f-4c20-ab49-e8b8fff0ccfd,eggplant.wiki,available,2.98,43.98,high,low,8,namecheap,,,21/09/2026 02:30
99e465fd-9281-4be8-8515-91a82560e8c7,stole.wiki,available,2.99,32.49,high,low,5,namesilo,,,27/09/2026 05:29
8701d521-0e98-47ee-b5ab-f829c789f5b6,ironic.wiki,available,2.99,32.49,high,low,6,namesilo,,,25/09/2026 11:21
9eb6fb04-6e08-409a-b325-b8ecc7797c53,disconnect.wiki,available,2.99,32.49,high,low,10,namesilo,,,29/09/2026 15:30